target_gene,measured_k562,measured_rpe1,measured_hepg2,measured_jurkat,measured_hct116,measured_hek293t,n_sources,own_gene_in_panel
ABCD1,False,False,False,False,True,True,2,True
ACLY,True,False,False,False,True,True,3,True
ADNP,True,False,False,False,True,True,3,True
AGO1,True,False,False,False,True,True,3,True
AKAP1,True,False,False,False,True,True,3,True
AKIRIN1,True,False,False,False,True,True,3,True
AKT2,True,False,False,False,True,True,3,True
ALG12,True,False,False,False,True,True,3,True
ANKRD52,True,False,False,False,True,True,3,True
ANKZF1,True,False,False,False,True,True,3,True
ANP32B,True,False,False,False,True,True,3,True
AP2A2,True,False,False,False,True,True,3,True
API5,True,False,False,False,True,True,3,True
ARL14EP,True,False,False,False,True,True,3,True
ASCC2,True,False,False,False,True,True,3,True
BCKDK,True,False,False,False,True,True,3,True
BCL6,True,False,False,False,True,True,3,True
BCL7C,True,False,False,False,True,True,3,True
BRD1,True,False,False,False,True,True,3,True
BRPF1,True,False,False,False,True,True,3,True
C5orf22,True,False,False,False,True,True,3,True
CAND1,True,False,False,False,True,True,3,True
CAPRIN2,False,False,False,False,True,True,2,True
CARM1,True,False,False,False,True,True,3,True
CAT,True,False,False,False,True,True,3,True
CCDC112,True,False,False,False,True,True,3,True
CDK8,True,False,False,False,True,True,3,True
CHD3,True,False,False,False,True,True,3,True
CHD6,True,False,False,False,True,True,3,True
CHKB,True,False,False,False,True,True,3,True
CLCN6,True,False,False,False,True,True,3,True
COIL,True,False,False,False,True,True,3,True
COMMD8,True,False,False,False,True,True,3,True
COQ10B,True,False,False,False,True,True,3,True
CSNK2A1,True,False,False,False,True,True,3,True
CYTH2,True,False,False,False,True,True,3,True
DBF4B,True,False,False,False,True,True,3,True
DBN1,True,False,False,False,True,True,3,True
DCAF16,True,False,False,False,True,True,3,True
DCP2,True,False,False,False,True,True,3,True
DDHD1,True,False,False,False,True,True,3,True
DEAF1,True,False,False,False,True,True,3,True
DEK,True,False,False,False,True,True,3,True
DHRS1,True,False,False,False,True,True,3,True
DHX35,True,False,False,False,True,True,3,True
DLAT,True,False,False,False,True,True,3,True
DMTF1,True,False,False,False,True,True,3,True
DNTTIP1,True,False,False,False,True,True,3,True
DRG2,True,False,False,False,True,True,3,True
DTNBP1,True,False,False,False,True,True,3,True
DVL3,True,False,False,False,True,True,3,True
E2F1,True,False,False,False,True,True,3,True
E2F4,True,False,False,False,True,True,3,True
EAPP,True,False,False,False,True,True,3,True
EEF1A2,True,False,False,False,True,True,3,True
ELK1,True,False,False,False,True,True,3,True
EPC2,True,False,False,False,True,True,3,True
EPHB2,False,False,False,False,True,True,2,True
EPM2AIP1,True,False,False,False,True,True,3,True
EZH2,True,False,False,False,True,True,3,True
FAM120A,True,False,False,False,True,True,3,True
FCGRT,True,False,False,False,True,True,3,True
FHL3,True,False,False,False,True,True,3,True
FOXN2,True,False,False,False,True,True,3,True
FOXO4,True,False,False,False,True,True,3,True
FUBP3,True,False,False,False,True,True,3,True
FXYD5,True,False,False,False,True,True,3,True
FZD2,True,False,False,False,True,True,3,True
GIGYF2,True,False,False,False,True,True,3,True
GLI3,True,False,False,False,True,True,3,True
GLYR1,True,False,False,False,True,True,3,True
GMEB2,True,False,False,False,True,True,3,True
GPATCH8,True,False,False,False,True,True,3,True
GRAMD1A,True,False,False,False,True,True,3,True
GTF2IRD1,True,False,False,False,True,True,3,True
HDAC1,True,False,False,False,True,True,3,True
HDAC8,True,False,False,False,True,True,3,True
HEATR6,False,False,False,False,True,True,2,True
HMGN3,True,False,False,False,True,True,3,True
HMGN4,True,False,False,False,True,True,3,True
HMGXB3,True,False,False,False,True,True,3,True
HOMEZ,True,False,False,False,True,True,3,True
HSBP1,True,False,False,False,True,True,3,True
HSP90AB1,True,False,False,False,True,True,3,True
IFI27L2,True,False,False,False,True,True,3,True
IFNAR2,True,False,False,False,True,True,3,True
IFNGR2,True,False,False,False,True,True,3,True
IL10RB,True,False,False,False,True,True,3,True
IREB2,True,False,False,False,True,True,3,True
KDM5A,True,False,False,False,True,True,3,True
KHDRBS1,True,False,False,False,True,True,3,True
KHSRP,True,False,False,False,True,True,3,True
KIF21B,False,False,False,False,True,True,2,True
KIF2A,True,False,False,False,True,True,3,True
KMT2A,True,False,False,False,True,True,3,True
LDLR,True,False,False,False,True,True,3,True
LENG1,True,False,False,False,True,True,3,True
LMAN1,True,False,False,False,True,True,3,True
LMBRD2,True,False,False,False,True,True,3,True
LPCAT3,True,False,False,False,True,True,3,True
MAN2A1,True,False,False,False,True,True,3,True
MAP2K2,True,False,False,False,True,True,3,True
MAPK12,True,False,False,False,True,True,3,True
MAPK7,False,False,False,False,True,True,2,True
MARCKSL1,True,False,False,False,True,True,3,True
MBD4,True,False,False,False,True,True,3,True
MED13,True,False,False,False,True,True,3,True
MED15,True,False,False,False,True,True,3,True
MED25,True,False,False,False,True,True,3,True
MLKL,False,False,False,False,True,True,2,True
MLLT10,True,False,False,False,True,True,3,True
MSANTD4,True,False,False,False,True,True,3,True
MSI2,True,False,False,False,True,True,3,True
MTA1,True,False,False,False,True,True,3,True
MTF1,True,False,False,False,True,True,3,True
MTHFSD,True,False,False,False,True,True,3,True
MTM1,True,False,False,False,True,True,3,True
MYD88,True,False,False,False,True,True,3,True
MYPOP,True,False,False,False,True,True,3,True
MYRF,True,False,False,False,True,True,3,True
NABP2,True,False,False,False,True,True,3,True
NAIF1,True,False,False,False,True,True,3,True
NCLN,True,False,False,False,True,True,3,True
NFE2L1,True,False,False,False,True,True,3,True
NGLY1,True,False,False,False,True,True,3,True
NICN1,False,False,False,False,True,True,2,True
NIPAL3,True,False,False,False,True,True,3,True
NIPSNAP3A,True,False,False,False,True,True,3,True
NT5DC1,True,False,False,False,True,True,3,True
NUP37,True,False,False,False,True,True,3,True
PAN2,True,False,False,False,True,True,3,True
PAPOLA,True,False,False,False,True,True,3,True
PARP3,False,False,False,False,True,True,2,True
PATL1,True,False,False,False,True,True,3,True
PBLD,False,False,False,False,True,True,2,True
PCGF1,True,False,False,False,True,True,3,True
PCGF6,True,False,False,False,True,True,3,True
PDCD4,True,False,False,False,True,True,3,True
PDE6D,True,False,False,False,True,True,3,True
PDK1,True,False,False,False,True,True,3,True
PDK3,False,False,False,False,True,True,2,True
PGLS,True,False,False,False,True,True,3,True
PHF11,False,False,False,False,True,True,2,True
PHF19,True,False,False,False,True,True,3,True
PHF23,True,False,False,False,True,True,3,True
PHF8,True,False,False,False,True,True,3,True
PI4KB,True,False,False,False,True,True,3,True
PIM2,True,False,False,False,True,True,3,True
PIN1,True,False,False,False,True,True,3,True
PINK1,True,False,False,False,True,True,3,True
PKN3,True,False,False,False,True,True,3,True
PLAGL2,True,False,False,False,True,True,3,True
PLCG1,True,False,False,False,True,True,3,True
PNP,True,False,False,False,True,True,3,True
POLD4,True,False,False,False,True,True,3,True
POR,True,False,False,False,True,True,3,True
PPIF,True,False,False,False,True,True,3,True
PPIP5K2,True,False,False,False,True,True,3,True
PQBP1,True,False,False,False,True,True,3,True
PRDX3,True,False,False,False,True,True,3,True
PRKAB2,True,False,False,False,True,True,3,True
PRKACA,True,False,False,False,True,True,3,True
PRMT2,True,False,False,False,True,True,3,True
PRMT6,True,False,False,False,True,True,3,True
PRMT7,True,False,False,False,True,True,3,True
PRNP,True,False,False,False,True,True,3,True
PSKH1,True,False,False,False,True,True,3,True
PSMB9,False,False,False,False,True,True,2,True
PTMS,True,False,False,False,True,True,3,True
PTOV1,True,False,False,False,True,True,3,True
PYCR1,True,False,False,False,True,True,3,True
R3HCC1L,True,False,False,False,True,True,3,True
RAB11FIP5,False,False,False,False,True,True,2,True
RAB5A,True,False,False,False,True,True,3,True
RABEP2,True,False,False,False,True,True,3,True
RBM18,True,False,False,False,True,True,3,True
RBM26,True,False,False,False,True,True,3,True
RBM4B,True,False,False,False,True,True,3,True
RBM5,True,False,False,False,True,True,3,True
RC3H2,True,False,False,False,True,True,3,True
REV1,True,False,False,False,True,True,3,True
RFK,True,False,False,False,True,True,3,True
RNF10,True,False,False,False,True,True,3,True
RNF141,True,False,False,False,True,True,3,True
RNF2,True,False,False,False,True,True,3,True
RSRC1,True,False,False,False,True,True,3,True
S100A11,True,False,False,False,True,True,3,True
SAP30L,True,False,False,False,True,True,3,True
SCAF8,True,False,False,False,True,True,3,True
SEMA4F,False,False,False,False,True,True,2,True
SFXN4,True,False,False,False,True,True,3,True
SH2D3A,True,False,False,False,True,True,3,True
SHPRH,True,False,False,False,True,True,3,True
SIN3B,True,False,False,False,True,True,3,True
SLC25A13,True,False,False,False,True,True,3,True
SLC39A1,True,False,False,False,True,True,3,True
SLC44A1,False,False,False,False,True,True,2,True
SLIRP,True,False,False,False,True,True,3,True
SMARCA5,True,False,False,False,True,True,3,True
SMARCC2,True,False,False,False,True,True,3,True
SMYD2,True,False,False,False,True,True,3,True
SND1,True,False,False,False,True,True,3,True
SNN,False,False,False,False,True,True,2,True
SNRK,True,False,False,False,True,True,3,True
SNX4,True,False,False,False,True,True,3,True
SOCS5,False,False,False,False,True,True,2,True
SPATA20,False,False,False,False,True,True,2,True
SRSF5,True,False,False,False,True,True,3,True
SSR4,True,False,False,False,True,True,3,True
STAT6,True,False,False,False,True,True,3,True
STK3,True,False,False,False,True,True,3,True
STT3A,True,False,False,False,True,True,3,True
SUPT7L,True,False,False,False,True,True,3,True
SYVN1,True,False,False,False,True,True,3,True
TAF15,True,False,False,False,True,True,3,True
TAF4,False,False,False,False,True,True,2,True
TARBP2,True,False,False,False,True,True,3,True
TBC1D13,True,False,False,False,True,True,3,True
TBC1D19,False,False,False,False,True,True,2,True
TBCK,True,False,False,False,True,True,3,True
TDRD7,False,False,False,False,True,True,2,True
TEAD4,True,False,False,False,True,True,3,True
TESK2,False,False,False,False,True,True,2,True
TEX2,True,False,False,False,True,True,3,True
TFCP2,True,False,False,False,True,True,3,True
THAP3,True,False,False,False,True,True,3,True
THAP7,True,False,False,False,True,True,3,True
TIMM17B,True,False,False,False,True,True,3,True
TIMM50,True,False,False,False,True,True,3,True
TMCO6,True,False,False,False,True,True,3,True
TMED3,True,False,False,False,True,True,3,True
TMEM104,False,False,False,False,True,True,2,True
TMEM147,True,False,False,False,True,True,3,True
TMEM186,True,False,False,False,True,True,3,True
TMEM209,True,False,False,False,True,True,3,True
TMEM41B,True,False,False,False,True,True,3,True
TMEM79,False,False,False,False,True,True,2,True
TMF1,True,False,False,False,True,True,3,True
TRAPPC6A,True,False,False,False,True,True,3,True
TRIB3,True,False,False,False,True,True,3,True
TRIM35,True,False,False,False,True,True,3,True
TRIP4,True,False,False,False,True,True,3,True
TRMT1,True,False,False,False,True,True,3,True
TRPC4AP,True,False,False,False,True,True,3,True
TTBK2,False,False,False,False,True,True,2,True
TWF2,True,False,False,False,True,True,3,True
TXNDC16,False,False,False,False,True,True,2,True
UNK,True,False,False,False,True,True,3,True
UPF3B,True,False,False,False,True,True,3,True
UROS,True,False,False,False,True,True,3,True
USP28,True,False,False,False,True,True,3,True
VAPB,True,False,False,False,True,True,3,True
VIM,True,False,False,False,True,True,3,True
WBP4,True,False,False,False,True,True,3,True
YIPF6,True,False,False,False,True,True,3,True
ZBTB34,True,False,False,False,True,True,3,True
ZBTB41,True,False,False,False,True,True,3,True
ZBTB48,True,False,False,False,True,True,3,True
ZC2HC1A,False,False,False,False,True,True,2,True
ZC3HAV1,True,False,False,False,True,True,3,True
ZDHHC12,True,False,False,False,True,True,3,True
ZDHHC4,True,False,False,False,True,True,3,True
ZFP62,True,False,False,False,True,True,3,True
ZHX3,True,False,False,False,True,True,3,True
ZKSCAN1,True,False,False,False,True,True,3,True
ZKSCAN2,True,False,False,False,True,True,3,True
ZKSCAN3,True,False,False,False,True,True,3,True
ZNF16,True,False,False,False,True,True,3,True
ZNF174,True,False,False,False,True,True,3,True
ZNF219,True,False,False,False,True,True,3,True
ZNF22,True,False,False,False,True,True,3,True
ZNF25,True,False,False,False,True,True,3,True
ZNF251,True,False,False,False,True,True,3,True
ZNF280C,True,False,False,False,True,True,3,True
ZNF282,True,False,False,False,True,True,3,True
ZNF32,True,False,False,False,True,True,3,True
ZNF324,True,False,False,False,True,True,3,True
ZNF397,True,False,False,False,True,True,3,True
ZNF410,True,False,False,False,True,True,3,True
ZNF444,True,False,False,False,True,True,3,True
ZNF462,True,False,False,False,True,True,3,True
ZNF496,True,False,False,False,True,True,3,True
ZNF507,True,False,False,False,True,True,3,True
ZNF514,True,False,False,False,True,True,3,True
ZNF526,True,False,False,False,True,True,3,True
ZNF530,True,False,False,False,True,True,3,True
ZNF543,True,False,False,False,True,True,3,True
ZNF627,True,False,False,False,True,True,3,True
ZNF628,True,False,False,False,True,True,3,True
ZNF641,True,False,False,False,True,True,3,True
ZNF670,True,False,False,False,True,True,3,True
ZNF714,True,False,False,False,True,True,3,True
ZNF740,True,False,False,False,True,True,3,True
ZNF768,True,False,False,False,True,True,3,True
ZNF777,True,False,False,False,True,True,3,True
ZNF783,True,False,False,False,True,True,3,True
ZNF784,True,False,False,False,True,True,3,True
ZNF786,True,False,False,False,True,True,3,True
ZNF821,True,False,False,False,True,True,3,True
ZRANB3,True,False,False,False,True,True,3,True
