,value
panel_genes,18533
panel_genes_detected_in_controls_1pct,13859
panel_genes_measured_in_any_source,18291
panel_genes_measured_in_all_sources,6199
panel_genes_detected_but_unmeasured,96
targets,300
targets_measured_in_any_source,300
targets_measured_in_one_source_only,0
genes_released_k562,8248
targets_measured_k562,272
genes_released_rpe1,8749
targets_measured_rpe1,0
genes_released_hepg2,9624
targets_measured_hepg2,0
genes_released_jurkat,8882
targets_measured_jurkat,0
genes_released_hct116,19202
targets_measured_hct116,300
genes_released_hek293t,19202
targets_measured_hek293t,300
