line,estimator,target,target_cp10k,r_target,r_placebo
hepg2,raw,ACTR2,1.8457241860284677,-0.02520412806532644,-0.017754923108560448
hepg2,raw,ATP6V1G1,2.6535504245255144,-0.206202765229808,0.01334080307180198
hepg2,raw,AURKA,1.6743181822388913,0.27578208390206044,0.16879906482318024
hepg2,raw,AURKAIP1,5.2460786449739825,0.14227790112943203,0.03431524687532468
hepg2,raw,BTF3,11.365595596916007,0.28194750674853236,0.0544724146319306
hepg2,raw,CALR,12.41799557474316,0.12373825010568776,0.09128351480811868
hepg2,raw,CDK6,1.597765466931545,-0.10545385414642071,0.03029095287416994
hepg2,raw,CNN2,1.3315072974555187,0.009091442690574852,-0.05775362373696622
hepg2,raw,CSE1L,1.2427537841812941,0.24242112053879197,0.08861632915805653
hepg2,raw,DDX1,1.1314995682290165,-0.0034309160713365265,0.01927580424992658
hepg2,raw,DDX17,1.6202677914257249,0.2204603615899036,-0.08378413653175146
hepg2,raw,DNAJC8,1.4644251094542435,-0.3151819203021477,-0.04094941328417593
hepg2,raw,EBNA1BP2,1.2707259954508454,0.40019245169250794,0.18398464950518467
hepg2,raw,EIF3I,2.2228157725494087,-0.44061783655963244,0.043522504373854076
hepg2,raw,ELOB,2.4251418255516373,-0.17426453421782614,0.03701925992014014
hepg2,raw,ESF1,1.3119504405577926,0.19739052550650046,0.020851042445541118
hepg2,raw,GSPT1,2.8832123131001532,0.12482272204890114,-0.018149653039493913
hepg2,raw,GTF3C6,2.2133538477554464,0.16700030201990115,-0.15323753348612276
hepg2,raw,H2AFZ,9.394513133366033,0.15062101065789107,0.07717408364759357
hepg2,raw,HNRNPA1,13.81470761531167,-0.4355079125989387,-0.14598794893300124
hepg2,raw,HNRNPH1,1.4936595926907972,-0.009329592981690737,-0.003961924802746794
hepg2,raw,HNRNPK,4.001866723339602,0.18720076822699952,0.07988749938198361
hepg2,raw,HSPA9,3.127180366484438,0.17619785744325075,0.0410546507087247
hepg2,raw,IARS2,1.05347274681749,0.2523872755393919,0.015144174244619524
hepg2,raw,LSM7,2.5729948175070367,0.14701690083909272,0.011824628825787723
hepg2,raw,MANF,1.3058495425540066,0.03912933283490315,0.024782104510689244
hepg2,raw,MICOS10,4.709149718606148,0.26663520754655956,-0.01725366788822314
hepg2,raw,MRPS16,1.9241696855108834,0.19009595786284317,0.02897861687355996
hepg2,raw,NDUFAB1,4.001233716029801,0.20102252895542974,0.11587931026662472
hepg2,raw,NIFK,1.036435755538018,0.36856229373286215,0.1920200323455618
hepg2,raw,PCNA,3.1562028908287267,0.6561075581889649,0.16022735122657455
hepg2,raw,POLR2E,2.102934867108474,0.22498831061619085,0.18155222808961774
hepg2,raw,PSMB1,5.794163670212858,0.3675135345765186,0.06377445256230174
hepg2,raw,PSMB3,2.5448093997943535,0.21153587441104396,0.0740948594522531
hepg2,raw,RAB4A,1.3733595101586265,0.005452824169911866,0.033670226061759304
hepg2,raw,RBM39,2.9137086940384487,0.0669797779725458,0.07780153456575387
hepg2,raw,RPA3,1.3914468768903792,0.6010294464082728,0.14374538642944848
hepg2,raw,RPL13,73.82604417994769,-0.04555716304905643,0.27919317683734524
hepg2,raw,RPL26,26.613559510826434,-0.1832509910918738,0.1037565833805364
hepg2,raw,RPL31,4.060754118373425,0.16100880087148411,0.03610619233621941
hepg2,raw,RPL32,20.519305463936586,-0.2645444316208983,0.08966693724479932
hepg2,raw,RPL37,17.76648966253341,-0.2571049425887035,0.14312536604257148
hepg2,raw,RPS15,20.417513297533358,0.12668851862362557,0.09662676221480221
hepg2,raw,RPS7,36.840931614606774,0.1596715470967805,0.0323960671233648
hepg2,raw,RPS8,27.600126728434255,0.10954328651347921,0.029131183445413683
hepg2,raw,SEM1,2.2642499309570607,-0.037272705871418656,0.07072843702045023
hepg2,raw,SF3B1,2.5023275481687848,0.16256071258182533,0.08989526745976861
hepg2,raw,SF3B3,1.0029966516151754,0.4702449705644027,0.12257386802118724
hepg2,raw,SF3B5,2.900879878965236,-0.19050521324763842,0.10671779548944989
hepg2,raw,SKP1,4.095030827948221,-0.11040963275059397,-0.11903925653814096
hepg2,raw,SNRPC,2.2122996672730224,-0.013156286113679519,0.0777150118452903
hepg2,raw,SRP9,2.404951711833937,0.06752364183678418,0.018231435954314805
hepg2,raw,SSU72,2.036476959149805,0.20985173914040953,-0.0012000280043975935
hepg2,raw,TAF1D,1.4417120736186657,0.3675107432345336,0.0870118350544816
hepg2,raw,XPO1,1.4368731980717084,0.6227288049651039,0.2505600335681403
hepg2,raw,ZNF207,1.2585295639120007,0.02852538694243616,0.011449472194655221
hepg2,raw,ZNF706,1.71722245458795,-0.051097676460588756,0.004761882494069169
hepg2,libsize,ACTR2,1.8457241860284677,-0.04047604640898183,-0.039334210614043685
hepg2,libsize,ATP6V1G1,2.6535504245255144,-0.22953127686935826,0.15905906398997888
hepg2,libsize,AURKA,1.6743181822388913,0.2598270217894534,0.016232094920161706
hepg2,libsize,AURKAIP1,5.2460786449739825,0.15446522329515378,0.02467695482898738
hepg2,libsize,BTF3,11.365595596916007,0.2824810172540776,0.07667320162238558
hepg2,libsize,CALR,12.41799557474316,0.10349652875919192,0.04273771883594246
hepg2,libsize,CDK6,1.597765466931545,-0.11249681649960262,0.05093904892396979
hepg2,libsize,CNN2,1.3315072974555187,0.0342125700346654,-0.007575542356756929
hepg2,libsize,CSE1L,1.2427537841812941,0.23981064088946563,-0.04609128213990276
hepg2,libsize,DDX1,1.1314995682290165,-0.017400478922422802,-0.005997074689417353
hepg2,libsize,DDX17,1.6202677914257249,0.24180794907473876,-0.07739858553418655
hepg2,libsize,DNAJC8,1.4644251094542435,-0.28619933588228025,-0.025947105201001814
hepg2,libsize,EBNA1BP2,1.2707259954508454,0.3646497175424424,0.043664838761991176
hepg2,libsize,EIF3I,2.2228157725494087,-0.4701313140054414,-0.021796510099246304
hepg2,libsize,ELOB,2.4251418255516373,-0.17879583926496015,0.0124088868665055
hepg2,libsize,ESF1,1.3119504405577926,0.18734661077695824,0.13581843141940977
hepg2,libsize,GSPT1,2.8832123131001532,0.0981510179936419,0.06942588826163029
hepg2,libsize,GTF3C6,2.2133538477554464,0.1794070191343121,-0.09375881541226695
hepg2,libsize,H2AFZ,9.394513133366033,0.14865790593304606,0.029176655182382806
hepg2,libsize,HNRNPA1,13.81470761531167,-0.4353920519358078,-0.02615965800630089
hepg2,libsize,HNRNPH1,1.4936595926907972,-0.014562940870361906,-0.014747218538282304
hepg2,libsize,HNRNPK,4.001866723339602,0.17498787834017193,0.055267373478598
hepg2,libsize,HSPA9,3.127180366484438,0.1377099620083335,0.05173527048079842
hepg2,libsize,IARS2,1.05347274681749,0.22369252302083092,0.05005856526877415
hepg2,libsize,LSM7,2.5729948175070367,0.11655419592889851,-0.004346244948591133
hepg2,libsize,MANF,1.3058495425540066,-0.008299562007463878,0.05469215046860414
hepg2,libsize,MICOS10,4.709149718606148,0.22739295879011281,0.07532992389179102
hepg2,libsize,MRPS16,1.9241696855108834,0.17845621685492039,0.03814848903666486
hepg2,libsize,NDUFAB1,4.001233716029801,0.16700970683738026,-0.024597185874698325
hepg2,libsize,NIFK,1.036435755538018,0.33059142515695067,-0.007031759597882813
hepg2,libsize,PCNA,3.1562028908287267,0.6567530768118756,0.222902768881303
hepg2,libsize,POLR2E,2.102934867108474,0.19921485612219184,0.10245446076798496
hepg2,libsize,PSMB1,5.794163670212858,0.3501840936997326,0.15444828892046497
hepg2,libsize,PSMB3,2.5448093997943535,0.19337231898619928,0.06527826183408052
hepg2,libsize,RAB4A,1.3733595101586265,-0.003020268051527869,-0.025673827941540606
hepg2,libsize,RBM39,2.9137086940384487,0.05781436634669055,0.06587081633098475
hepg2,libsize,RPA3,1.3914468768903792,0.6010857964983379,0.1420238361016099
hepg2,libsize,RPL13,73.82604417994769,-0.0377673132408354,0.21957720244775558
hepg2,libsize,RPL26,26.613559510826434,-0.20383018542734765,-0.011636000613745623
hepg2,libsize,RPL31,4.060754118373425,0.19821944925157364,0.12305538404220191
hepg2,libsize,RPL32,20.519305463936586,-0.2670849282709705,0.13691601305672413
hepg2,libsize,RPL37,17.76648966253341,-0.24950661253666478,0.0739724376066671
hepg2,libsize,RPS15,20.417513297533358,0.12793155331858644,0.0057095431313524195
hepg2,libsize,RPS7,36.840931614606774,0.15095192751674497,0.01694473193756007
hepg2,libsize,RPS8,27.600126728434255,0.09384052290061484,0.08725054046458913
hepg2,libsize,SEM1,2.2642499309570607,-0.054391974840826286,0.07252657095798119
hepg2,libsize,SF3B1,2.5023275481687848,0.14413157721459796,0.020922006259443612
hepg2,libsize,SF3B3,1.0029966516151754,0.43211692552961534,0.10301947098752536
hepg2,libsize,SF3B5,2.900879878965236,-0.2416164481242811,-0.05407935296127052
hepg2,libsize,SKP1,4.095030827948221,-0.08228227354910009,-0.05528317230419346
hepg2,libsize,SNRPC,2.2122996672730224,-0.01746313367330462,-0.05048466602125904
hepg2,libsize,SRP9,2.404951711833937,0.06774001591200222,0.04807111172871696
hepg2,libsize,SSU72,2.036476959149805,0.17516700600430624,0.02710232801874851
hepg2,libsize,TAF1D,1.4417120736186657,0.3592564722100039,0.0757987960607702
hepg2,libsize,XPO1,1.4368731980717084,0.6289209347504012,0.042849751203592266
hepg2,libsize,ZNF207,1.2585295639120007,0.010388018883751132,0.09531026262371686
hepg2,libsize,ZNF706,1.71722245458795,-0.044888052652972354,-0.037909255217374434
hepg2,knn,ACTR2,1.8457241860284677,-0.06892617589561834,0.02476354413938937
hepg2,knn,ATP6V1G1,2.6535504245255144,-0.3034160289051369,0.08091295002218286
hepg2,knn,AURKA,1.6743181822388913,0.27403923039379535,-0.10561800124105891
hepg2,knn,AURKAIP1,5.2460786449739825,0.1736398738922579,-0.0022911109105859416
hepg2,knn,BTF3,11.365595596916007,0.32268211004933983,0.08141666350609206
hepg2,knn,CALR,12.41799557474316,0.21885054069252569,-0.042967221269380365
hepg2,knn,CDK6,1.597765466931545,-0.07429286624024557,-0.08418193491981693
hepg2,knn,CNN2,1.3315072974555187,0.045795047241703656,4.760611756007144e-05
hepg2,knn,CSE1L,1.2427537841812941,0.24228782136976673,0.003361185222175809
hepg2,knn,DDX1,1.1314995682290165,-0.025230443698840706,0.0026981766531163744
hepg2,knn,DDX17,1.6202677914257249,0.22732097868827938,-0.06761884927247577
hepg2,knn,DNAJC8,1.4644251094542435,-0.31894383521530045,0.008859538568571853
hepg2,knn,EBNA1BP2,1.2707259954508454,0.43224825143944196,0.2847971482445128
hepg2,knn,EIF3I,2.2228157725494087,-0.4952103299782107,-0.0965113644056134
hepg2,knn,ELOB,2.4251418255516373,-0.23523705988232457,-0.007170814507326845
hepg2,knn,ESF1,1.3119504405577926,0.21667872268357144,0.002920047547153544
hepg2,knn,GSPT1,2.8832123131001532,0.1377354098433608,0.05281183842374494
hepg2,knn,GTF3C6,2.2133538477554464,0.09197778398187005,0.002998301275910434
hepg2,knn,H2AFZ,9.394513133366033,0.15247679342920395,0.07404267500182231
hepg2,knn,HNRNPA1,13.81470761531167,-0.4924876769673169,-0.11581325328406855
hepg2,knn,HNRNPH1,1.4936595926907972,-0.011713937572047204,-0.019213124589640144
hepg2,knn,HNRNPK,4.001866723339602,0.2135995608969762,0.12440387692949159
hepg2,knn,HSPA9,3.127180366484438,0.14246640965991852,0.052644460899063085
hepg2,knn,IARS2,1.05347274681749,0.2998553010611582,0.09758800649692553
hepg2,knn,LSM7,2.5729948175070367,0.11695171968189556,-0.05413528114446481
hepg2,knn,MANF,1.3058495425540066,0.0069903265738726445,0.013969448160789552
hepg2,knn,MICOS10,4.709149718606148,0.36146841123823653,0.1264152349803841
hepg2,knn,MRPS16,1.9241696855108834,0.22130028112717376,-0.014269203313846993
hepg2,knn,NDUFAB1,4.001233716029801,0.2912823975816298,-0.08493979517267408
hepg2,knn,NIFK,1.036435755538018,0.5107624027364492,0.21464639950978887
hepg2,knn,PCNA,3.1562028908287267,0.7289850855144546,0.11536450841556578
hepg2,knn,POLR2E,2.102934867108474,0.22883732721527641,0.18720172216277248
hepg2,knn,PSMB1,5.794163670212858,0.36514077508022885,0.08120785751608817
hepg2,knn,PSMB3,2.5448093997943535,0.2740614227891199,0.1451215628176989
hepg2,knn,RAB4A,1.3733595101586265,-0.021245450629761693,-0.03968563807277341
hepg2,knn,RBM39,2.9137086940384487,0.1388068165785296,0.08547293336593832
hepg2,knn,RPA3,1.3914468768903792,0.6147766352749071,0.13322835809923414
hepg2,knn,RPL13,73.82604417994769,-0.22945573306643405,0.06809443526029683
hepg2,knn,RPL26,26.613559510826434,-0.5038562676539348,0.1323990262217598
hepg2,knn,RPL31,4.060754118373425,-0.06066588208167218,0.06631042114727356
hepg2,knn,RPL32,20.519305463936586,-0.4496037005073021,0.11301274770335176
hepg2,knn,RPL37,17.76648966253341,-0.30026426321809274,0.02805418087533834
hepg2,knn,RPS15,20.417513297533358,0.0035300666626660593,0.00493493432590119
hepg2,knn,RPS7,36.840931614606774,0.010549213600915418,-0.009127063387470456
hepg2,knn,RPS8,27.600126728434255,-0.1643750365880282,0.1295443276531232
hepg2,knn,SEM1,2.2642499309570607,-0.12117909746984082,0.022760401011693725
hepg2,knn,SF3B1,2.5023275481687848,0.12389490663808045,0.09159573287985787
hepg2,knn,SF3B3,1.0029966516151754,0.3964488029461906,0.09415524630928987
hepg2,knn,SF3B5,2.900879878965236,-0.27791091491669073,-0.017285059266225773
hepg2,knn,SKP1,4.095030827948221,-0.06129547648819425,0.11816110993337822
hepg2,knn,SNRPC,2.2122996672730224,0.01311334015351734,0.026910222775013398
hepg2,knn,SRP9,2.404951711833937,0.0637628874299535,0.007423121754803965
hepg2,knn,SSU72,2.036476959149805,0.21364839140488942,0.055290174145462466
hepg2,knn,TAF1D,1.4417120736186657,0.4125738806650078,0.11561008313225556
hepg2,knn,XPO1,1.4368731980717084,0.653053395484045,0.18085290776571467
hepg2,knn,ZNF207,1.2585295639120007,-0.0022729582518597265,-0.010010099687593532
hepg2,knn,ZNF706,1.71722245458795,-0.06647884592693473,-0.07689906067293621
jurkat,raw,ACTR2,2.0808477343211655,0.048103821535324734,0.05137714578413507
jurkat,raw,ATF4,2.077492741918231,-0.16512744308626404,0.04337880589452971
jurkat,raw,BPTF,3.7353695145943453,-0.1864391120000145,0.031874972503290674
jurkat,raw,CTNNBL1,1.136251677665486,0.1757194477006321,0.08492906272548473
jurkat,raw,CYC1,2.397184503699236,0.26215513019756476,0.1361248613912058
jurkat,raw,DAD1,2.5515274021726215,0.05167671483755107,0.08780756471180594
jurkat,raw,DDX3X,1.6705610017082442,0.23540936601638163,0.03232315933293204
jurkat,raw,DDX6,1.3414689636283006,-0.3249828841170572,0.10227389689744529
jurkat,raw,DNMT1,2.86411116499809,-0.02435555607577309,0.06738562160824806
jurkat,raw,DYNLRB1,1.4158195619788823,-0.03098400131173664,-0.003604847846461629
jurkat,raw,EIF3M,4.11723269934585,0.2065015334849456,0.14135893901128865
jurkat,raw,EIF6,1.7505482138547017,0.21099954008384403,0.05485917990978375
jurkat,raw,FARSA,2.0879624532454604,0.32475251297878993,0.13445766546942178
jurkat,raw,FNBP4,1.0555910286497776,0.02268774089202325,0.033624302024619385
jurkat,raw,GTF3A,6.078348830288751,0.05381187901553249,0.05011695894254894
jurkat,raw,GTF3C6,2.3994646850988723,0.03858280948492011,0.09187142853173921
jurkat,raw,HMGA1,4.092001328644282,0.07190037098018934,0.06494956240441854
jurkat,raw,HTATSF1,2.4900617679209702,0.03478616375804165,0.08050507381514921
jurkat,raw,IMPDH2,1.8518801587713667,0.39982554001028175,0.10576249863795824
jurkat,raw,ISCU,1.1967817002667136,-0.0854569430973228,0.0607832865748423
jurkat,raw,KPNB1,3.4646158293045097,0.3119352447528584,0.08105318990702866
jurkat,raw,LARS,2.0138753736698036,0.12563398946711338,0.1635148517859894
jurkat,raw,MANF,1.7645121169377398,0.024228018081222782,0.012544586081190762
jurkat,raw,MRPL13,1.4708478501571909,0.35574673354909164,0.08458177892805056
jurkat,raw,MRPL28,1.0837739056300513,0.40060969573473426,0.13273175816332308
jurkat,raw,MRPL3,2.4691206172745455,0.29438671546466993,0.1524063424567882
jurkat,raw,MRPL42,1.561040774858185,0.3183403365924724,0.22287312006911725
jurkat,raw,MRPS33,1.2412086617296614,0.30536558681192805,0.13253368776153412
jurkat,raw,NCBP2,1.3699196793634156,0.17933362055288077,-0.009811218331976753
jurkat,raw,NDUFA3,1.1565183354475694,0.21209911941862847,0.0733303037326126
jurkat,raw,NOL11,1.2581190791146124,-0.15723409667498722,0.054098079918894926
jurkat,raw,NOP14,1.325359854518138,-0.08549512857906132,-0.022726655075142106
jurkat,raw,NSA2,2.0627239785769182,0.10583749830981277,0.04896904477259687
jurkat,raw,PDCD5,2.7191587508691657,0.07310223555441761,0.00158002216355502
jurkat,raw,PGK1,6.380187555066962,0.1757756602960229,0.11232544578805606
jurkat,raw,POLR2I,2.0483649413308247,0.3704832069199359,0.16647803272347325
jurkat,raw,POP7,1.3492473274673686,0.15140013232012592,0.03145205667573095
jurkat,raw,PRPF38A,1.2510054161854083,-0.04778220447561689,0.05789732930062565
jurkat,raw,PSMB5,2.854985255423644,0.12752648209271056,0.022053940157261094
jurkat,raw,PSMD13,2.184454100664244,-0.20816075976008147,0.008219039475856962
jurkat,raw,RAN,15.713967267142719,0.011518010749656686,-0.0005047538435239016
jurkat,raw,RBBP8,1.2656368041653672,0.2363951656137487,0.10692177752118097
jurkat,raw,RPL10A,18.29040175352449,0.4000304586812904,0.04594275723297486
jurkat,raw,RPL24,18.504592885768677,0.0034820981969845475,0.03314850044778619
jurkat,raw,RPL34,17.423882133898292,0.3294028022987871,0.09801938720813666
jurkat,raw,RPL4,15.213359546424158,0.2958537362702356,0.05022495106766611
jurkat,raw,RPL7L1,1.812286102840664,0.03805115669145767,0.03625380616116868
jurkat,raw,RPS14,35.32785112391485,0.21613967057423503,0.04024941499909844
jurkat,raw,RPS15A,20.755796244121466,0.17438503326022226,0.1017378231369667
jurkat,raw,RPS27A,29.56948455005661,0.14627572256880605,0.07912636474609673
jurkat,raw,SARNP,1.4190420749977015,0.0010199196816017748,-0.005805145961175377
jurkat,raw,SH3KBP1,1.1245787079321,-0.15222401251952208,0.06432326134792157
jurkat,raw,SMC1A,2.093330364290512,0.1643639031989883,0.1256363912618646
jurkat,raw,SMC2,3.6361739437458644,0.3810704500248879,0.04851571192786303
jurkat,raw,SNF8,2.0742685009074453,-0.057757810780848406,0.025137952727805744
jurkat,raw,SPEN,1.714852315801805,-0.061023238265565695,0.12823155229293992
jurkat,raw,TBCA,4.094548388803223,0.33882065080029566,0.04401948560346603
jurkat,raw,TIMM13,2.9493322728126254,0.45294145580601064,0.11047915648231277
jurkat,raw,TLN1,1.342272095894609,0.06536183981152684,0.07134770494473967
jurkat,raw,TMED10,1.2889880236075937,0.05702194819446827,0.016601108810196614
jurkat,raw,TRA2B,1.6782096701502547,0.1354604140383468,0.05729938986940909
jurkat,raw,TRAPPC3,1.1766501138566952,0.08963870328885382,0.03256368033632882
jurkat,raw,UBA52,14.503566494189881,-0.04619397362612723,0.0020909871818457896
jurkat,raw,UBE2I,3.6988462923876058,0.22897519796782947,0.07099003774197091
jurkat,raw,UBE2N,1.7964469444755238,-0.03954095452785273,-0.015895442438566915
jurkat,raw,YBX3,4.156702723853164,0.0034440128070938234,0.06433304747934343
jurkat,raw,ZNHIT1,1.389378116902844,0.22989896731348933,0.06521495472543173
jurkat,libsize,ACTR2,2.0808477343211655,0.034855543716284236,0.025646647882054518
jurkat,libsize,ATF4,2.077492741918231,-0.2092264901394527,0.06791186182078272
jurkat,libsize,BPTF,3.7353695145943453,-0.17465179367414607,-0.032834206769260674
jurkat,libsize,CTNNBL1,1.136251677665486,0.11646186614683698,-0.0018887814813124694
jurkat,libsize,CYC1,2.397184503699236,0.2219847168459761,0.05837403427388181
jurkat,libsize,DAD1,2.5515274021726215,0.005712583966773872,0.027501905307304397
jurkat,libsize,DDX3X,1.6705610017082442,0.22493665697134824,0.05382684372560938
jurkat,libsize,DDX6,1.3414689636283006,-0.3436085688968777,0.028203952768105566
jurkat,libsize,DNMT1,2.86411116499809,-0.05432270634118755,0.03954834251925838
jurkat,libsize,DYNLRB1,1.4158195619788823,-0.008282233551925311,0.03613040762022839
jurkat,libsize,EIF3M,4.11723269934585,0.06788386536891815,0.05077760756751232
jurkat,libsize,EIF6,1.7505482138547017,0.18812063822308284,0.022816621388844986
jurkat,libsize,FARSA,2.0879624532454604,0.24726498270360978,0.09995183900411411
jurkat,libsize,FNBP4,1.0555910286497776,0.00678613863485461,0.012977363223387143
jurkat,libsize,GTF3A,6.078348830288751,-0.0030280957499423814,0.04233602983159972
jurkat,libsize,GTF3C6,2.3994646850988723,-0.05917454892074491,0.09909232294356843
jurkat,libsize,HMGA1,4.092001328644282,0.022917404142976414,0.09006815107239484
jurkat,libsize,HTATSF1,2.4900617679209702,0.017450318548367965,0.01691274928309495
jurkat,libsize,IMPDH2,1.8518801587713667,0.3439053579099702,0.06326751084596241
jurkat,libsize,ISCU,1.1967817002667136,-0.11697151039130255,0.010042553431844311
jurkat,libsize,KPNB1,3.4646158293045097,0.28532830462148345,0.05121059487133346
jurkat,libsize,LARS,2.0138753736698036,-0.022812025471007257,0.12967779385594294
jurkat,libsize,MANF,1.7645121169377398,-0.006228613121357612,0.012868522542000327
jurkat,libsize,MRPL13,1.4708478501571909,0.3538335098931928,0.025282123608020145
jurkat,libsize,MRPL28,1.0837739056300513,0.3526532861179389,0.013319102741125235
jurkat,libsize,MRPL3,2.4691206172745455,0.23419257650229544,0.10020851763398123
jurkat,libsize,MRPL42,1.561040774858185,0.2613557025529507,0.1565622373291125
jurkat,libsize,MRPS33,1.2412086617296614,0.24861097111618696,0.19353145092337906
jurkat,libsize,NCBP2,1.3699196793634156,0.15322707270255528,0.0833262840165306
jurkat,libsize,NDUFA3,1.1565183354475694,0.18185235407173803,0.06896779175559953
jurkat,libsize,NOL11,1.2581190791146124,-0.20104188292865774,-0.013947491096425828
jurkat,libsize,NOP14,1.325359854518138,-0.1365427332754633,-0.04267839463734294
jurkat,libsize,NSA2,2.0627239785769182,0.0885204384880769,0.017895216455040143
jurkat,libsize,PDCD5,2.7191587508691657,0.064339583929722,2.9814713835986906e-05
jurkat,libsize,PGK1,6.380187555066962,0.13581521295551696,0.07479289816842667
jurkat,libsize,POLR2I,2.0483649413308247,0.3124095206063841,0.10965154844728822
jurkat,libsize,POP7,1.3492473274673686,0.1425931297336006,0.019280466254014354
jurkat,libsize,PRPF38A,1.2510054161854083,-0.12967571833762004,0.022703372721856907
jurkat,libsize,PSMB5,2.854985255423644,0.16277572058218134,-0.030479556142473958
jurkat,libsize,PSMD13,2.184454100664244,-0.23082852178796612,0.003432161058619381
jurkat,libsize,RAN,15.713967267142719,0.0064515443049103435,0.049692127933094604
jurkat,libsize,RBBP8,1.2656368041653672,0.22460650807666907,0.1275003901281506
jurkat,libsize,RPL10A,18.29040175352449,0.39944179530009805,0.07875622124812522
jurkat,libsize,RPL24,18.504592885768677,0.0014684365185675848,0.017056878600784198
jurkat,libsize,RPL34,17.423882133898292,0.32959833867708827,-0.023263486741519276
jurkat,libsize,RPL4,15.213359546424158,0.2934049130518094,0.06574735187445994
jurkat,libsize,RPL7L1,1.812286102840664,0.012104189059635492,0.020549355563371608
jurkat,libsize,RPS14,35.32785112391485,0.2147791456628704,0.014235582397382979
jurkat,libsize,RPS15A,20.755796244121466,0.17592903164389134,0.059463325701305934
jurkat,libsize,RPS27A,29.56948455005661,0.13077847397789172,0.01443878661972629
jurkat,libsize,SARNP,1.4190420749977015,0.03219491935947822,-0.02219422643736002
jurkat,libsize,SH3KBP1,1.1245787079321,-0.16302614387722283,0.004696150268327411
jurkat,libsize,SMC1A,2.093330364290512,0.11079004526067522,0.16048015244254596
jurkat,libsize,SMC2,3.6361739437458644,0.37241171403406964,0.09619503179065991
jurkat,libsize,SNF8,2.0742685009074453,-0.040865360183666655,0.05023564868403944
jurkat,libsize,SPEN,1.714852315801805,-0.08252537659007815,0.0993882969650154
jurkat,libsize,TBCA,4.094548388803223,0.34153057770898515,-0.006311357194374092
jurkat,libsize,TIMM13,2.9493322728126254,0.4022668037616821,0.21069599301342098
jurkat,libsize,TLN1,1.342272095894609,0.048894341065925356,0.08609476082307076
jurkat,libsize,TMED10,1.2889880236075937,0.04064175453965798,0.012294513886789728
jurkat,libsize,TRA2B,1.6782096701502547,0.08795646243527007,0.018990925608413662
jurkat,libsize,TRAPPC3,1.1766501138566952,0.07478387845465216,0.01713438884457956
jurkat,libsize,UBA52,14.503566494189881,-0.04464821998657382,-0.016449927409596495
jurkat,libsize,UBE2I,3.6988462923876058,0.2103428997194193,0.05934150803949998
jurkat,libsize,UBE2N,1.7964469444755238,-0.03768219655246417,-0.008895174020251289
jurkat,libsize,YBX3,4.156702723853164,-0.0390053015655718,0.035648111311647655
jurkat,libsize,ZNHIT1,1.389378116902844,0.24607941004961117,0.012943139599561795
jurkat,knn,ACTR2,2.0808477343211655,0.035119830088756715,0.05086522355432316
jurkat,knn,ATF4,2.077492741918231,-0.1950233369764925,0.02417188936957162
jurkat,knn,BPTF,3.7353695145943453,-0.21611621843211584,-0.022543889188298284
jurkat,knn,CTNNBL1,1.136251677665486,0.2582239531580599,0.01851810725188738
jurkat,knn,CYC1,2.397184503699236,0.2566297942622098,0.11854315141698853
jurkat,knn,DAD1,2.5515274021726215,0.023100834834647744,0.04541832389759389
jurkat,knn,DDX3X,1.6705610017082442,0.23797536135845146,-0.04535125937098504
jurkat,knn,DDX6,1.3414689636283006,-0.32563384818441643,0.061537282949115334
jurkat,knn,DNMT1,2.86411116499809,-0.0826943464984578,-0.006727805207853122
jurkat,knn,DYNLRB1,1.4158195619788823,-0.0025581053725905116,0.012398534607412429
jurkat,knn,EIF3M,4.11723269934585,0.13005484354400443,0.10880324514781851
jurkat,knn,EIF6,1.7505482138547017,0.2377290313615902,0.048921949395168106
jurkat,knn,FARSA,2.0879624532454604,0.21368163764960912,0.14627339564119
jurkat,knn,FNBP4,1.0555910286497776,-0.06588897155054559,0.01873554559056862
jurkat,knn,GTF3A,6.078348830288751,-0.01574191435962552,0.01936648821652736
jurkat,knn,GTF3C6,2.3994646850988723,-0.08618531162556317,-0.057234048376403404
jurkat,knn,HMGA1,4.092001328644282,0.031138930984201126,0.07923955095381606
jurkat,knn,HTATSF1,2.4900617679209702,0.03520192618482655,0.03031030258499463
jurkat,knn,IMPDH2,1.8518801587713667,0.2924946107326261,0.15647670904533215
jurkat,knn,ISCU,1.1967817002667136,-0.13892463688454623,0.10109255313955849
jurkat,knn,KPNB1,3.4646158293045097,0.31737286995559705,0.06522130169909096
jurkat,knn,LARS,2.0138753736698036,-0.03790337163693798,0.059538429917132873
jurkat,knn,MANF,1.7645121169377398,0.09469731507389037,-0.015584184496704004
jurkat,knn,MRPL13,1.4708478501571909,0.3677347751744527,0.025399576508200773
jurkat,knn,MRPL28,1.0837739056300513,0.3936986249276128,0.08332104419415935
jurkat,knn,MRPL3,2.4691206172745455,0.30452816978088887,0.14657121773784093
jurkat,knn,MRPL42,1.561040774858185,0.217316115714575,0.28926663729637314
jurkat,knn,MRPS33,1.2412086617296614,0.2267674729225366,0.1447938592626245
jurkat,knn,NCBP2,1.3699196793634156,0.1125207705867636,0.03750883513540011
jurkat,knn,NDUFA3,1.1565183354475694,0.18511727040605672,0.06439500799617498
jurkat,knn,NOL11,1.2581190791146124,-0.218634470474442,0.04934198417271154
jurkat,knn,NOP14,1.325359854518138,-0.1426200281579647,0.025659195376092313
jurkat,knn,NSA2,2.0627239785769182,0.13721958933676853,0.014107866127114838
jurkat,knn,PDCD5,2.7191587508691657,0.09376122961110106,0.024637865492348133
jurkat,knn,PGK1,6.380187555066962,0.0766517649381979,0.06002835425906263
jurkat,knn,POLR2I,2.0483649413308247,0.32289198898906196,0.1026911252659044
jurkat,knn,POP7,1.3492473274673686,0.17454904242294292,0.011677565281953408
jurkat,knn,PRPF38A,1.2510054161854083,-0.16129689870874733,0.13543469071317238
jurkat,knn,PSMB5,2.854985255423644,0.2030767117807058,0.07638752718518492
jurkat,knn,PSMD13,2.184454100664244,-0.15285295623370185,-0.02840902528580951
jurkat,knn,RAN,15.713967267142719,-0.01823490698335949,0.02710186867017314
jurkat,knn,RBBP8,1.2656368041653672,0.2049003160900006,0.041613862788294834
jurkat,knn,RPL10A,18.29040175352449,0.30263156610574377,0.037583948762419106
jurkat,knn,RPL24,18.504592885768677,-0.00046341966535758507,0.04239042051882096
jurkat,knn,RPL34,17.423882133898292,0.282754767981742,-1.196415486981045e-05
jurkat,knn,RPL4,15.213359546424158,0.2912011390437751,0.012270835240622297
jurkat,knn,RPL7L1,1.812286102840664,-0.01714266849034675,0.08899625420586378
jurkat,knn,RPS14,35.32785112391485,0.14583735353545885,0.007822343965941128
jurkat,knn,RPS15A,20.755796244121466,0.10362251871311498,-0.0338676457903057
jurkat,knn,RPS27A,29.56948455005661,0.06271063169844872,-0.0020208588910161688
jurkat,knn,SARNP,1.4190420749977015,0.007864963983674887,0.037941074355282094
jurkat,knn,SH3KBP1,1.1245787079321,-0.1988650220202457,0.09740067645344132
jurkat,knn,SMC1A,2.093330364290512,0.08879517525041555,0.10974973226406426
jurkat,knn,SMC2,3.6361739437458644,0.4013967049824328,-0.04154503967220524
jurkat,knn,SNF8,2.0742685009074453,-0.07579177203740957,0.017025176151324026
jurkat,knn,SPEN,1.714852315801805,-0.12261984346846214,0.036515942768411185
jurkat,knn,TBCA,4.094548388803223,0.3557948677182034,0.044591233697419005
jurkat,knn,TIMM13,2.9493322728126254,0.42762385619560084,0.20855081621351051
jurkat,knn,TLN1,1.342272095894609,0.04537938662083478,0.04168770727952677
jurkat,knn,TMED10,1.2889880236075937,0.09197795034014371,0.0042105733398893185
jurkat,knn,TRA2B,1.6782096701502547,0.10798138242323835,0.014995691023625005
jurkat,knn,TRAPPC3,1.1766501138566952,0.06721475663383535,0.03314572935839994
jurkat,knn,UBA52,14.503566494189881,-0.09646221658806464,-0.05953230982538652
jurkat,knn,UBE2I,3.6988462923876058,0.21919248672600855,0.03643390343182716
jurkat,knn,UBE2N,1.7964469444755238,0.024916746927366118,-0.02294408413217907
jurkat,knn,YBX3,4.156702723853164,-0.022965820877167187,0.022441924465425138
jurkat,knn,ZNHIT1,1.389378116902844,0.30124918338636325,0.03460847191974777
hct116,raw,ABCE1,2.079974554008243,0.21193601322941152,0.05915635432288362
hct116,raw,ADK,3.123554728970667,0.061826031230019535,-0.045259385107477554
hct116,raw,AFG3L2,1.0118386491793463,0.21942894467122392,0.033174516392888556
hct116,raw,CCND1,3.781622801301958,-0.36526612995673685,-0.2683587474984553
hct116,raw,CD320,1.1140016233701366,-0.1490747348096942,-0.027829006629898328
hct116,raw,CLNS1A,1.405394089783072,0.048075518065903766,-0.10467471090161276
hct116,raw,DAD1,2.22417878624046,0.08801380683570262,0.05107773853911864
hct116,raw,EDF1,2.9765727438172287,-0.0034948663532936492,-0.025672424394630782
hct116,raw,EEF1D,6.203799656154729,-0.5308607002381579,-0.015314366810117008
hct116,raw,GTF2A2,1.3539646353898374,-0.077340021469241,-0.006867072717693943
hct116,raw,HNRNPC,8.22844435472723,0.05801318600338697,0.03406904679735796
hct116,raw,IER3,4.836141157748654,-0.05952521571541789,-0.009340842598963565
hct116,raw,LAPTM4B,2.5685201413860566,-0.10340768883721148,-0.02089037335884387
hct116,raw,LYAR,1.7287840851550251,-0.5595160508316248,-0.08114251184744313
hct116,raw,MCM4,1.0043441032073939,0.24521998774135836,0.05339614166892824
hct116,raw,NDUFB10,4.652280749182865,0.19814672734801164,0.11630865992793882
hct116,raw,PCM1,1.6056180018880999,0.0024606092771940927,-0.032678132205719274
hct116,raw,PGD,1.0285737501196117,0.3905854217632647,0.033113261961619275
hct116,raw,PPP2R1A,1.4303232875072867,-0.1721198034138484,0.0015999110802985598
hct116,raw,RAD23B,2.517430486629666,0.12570275050501167,0.019609362241366203
hct116,raw,SMURF2,2.608355632170189,-0.6433412004143526,0.12465456233035974
hct116,raw,SRSF1,1.2579085776815333,0.32490674772251654,-0.00946374903254872
hct116,raw,SRSF5,1.2321087447043122,-0.23731468162377023,-0.11055247872553346
hct116,raw,TCERG1,1.8470672788147873,0.07618392626943904,-0.06273277406057312
hct116,raw,TFAM,1.096652139747035,-0.25381780016033145,-0.14364900239971579
hct116,raw,TJP1,1.1724013970662261,-0.16045812475065682,0.019683425588084818
hct116,raw,TUFM,3.3802008432339123,-0.3214662230072617,-0.07632979675006359
hct116,raw,TYW3,1.045572647805471,-0.4914212552152326,-0.1681100857816296
hct116,libsize,ABCE1,2.079974554008243,0.20995300706414832,0.08656313488777784
hct116,libsize,ADK,3.123554728970667,0.06649804739402651,-0.015562607417667018
hct116,libsize,AFG3L2,1.0118386491793463,0.21613704112492674,0.04689189589681839
hct116,libsize,CCND1,3.781622801301958,-0.362309033468819,-0.05051442650870862
hct116,libsize,CD320,1.1140016233701366,-0.14640700572813303,-0.021114682051155298
hct116,libsize,CLNS1A,1.405394089783072,0.05549186844641564,-0.06034307587966833
hct116,libsize,DAD1,2.22417878624046,0.08227232541734429,0.015550299253303975
hct116,libsize,EDF1,2.9765727438172287,-0.0014314463394646982,-0.05888000672180034
hct116,libsize,EEF1D,6.203799656154729,-0.5418021558055065,-0.0970040318561174
hct116,libsize,GTF2A2,1.3539646353898374,-0.07683698078938869,-0.03305367369789934
hct116,libsize,HNRNPC,8.22844435472723,0.0656581577064488,-0.004580770494518723
hct116,libsize,IER3,4.836141157748654,-0.05893795099475492,-0.0033753389283557047
hct116,libsize,LAPTM4B,2.5685201413860566,-0.1313700836420782,-0.03991894560862443
hct116,libsize,LYAR,1.7287840851550251,-0.5701889125171345,0.01707732808215799
hct116,libsize,MCM4,1.0043441032073939,0.24160253964605632,0.04821627671316347
hct116,libsize,NDUFB10,4.652280749182865,0.20001758881710305,0.12049523442891111
hct116,libsize,PCM1,1.6056180018880999,0.0019674496337483984,-0.0200306734283223
hct116,libsize,PGD,1.0285737501196117,0.3887567466094973,0.10278349634012574
hct116,libsize,PPP2R1A,1.4303232875072867,-0.1773446797549997,0.015460348752532068
hct116,libsize,RAD23B,2.517430486629666,0.13268896400836327,0.018021851707977172
hct116,libsize,SMURF2,2.608355632170189,-0.6442577507365348,-0.036065400386080845
hct116,libsize,SRSF1,1.2579085776815333,0.3291613028530755,-0.077829082934555
hct116,libsize,SRSF5,1.2321087447043122,-0.2673297387308,-0.06367375959504411
hct116,libsize,TCERG1,1.8470672788147873,0.07352915752812039,-0.03913286101812967
hct116,libsize,TFAM,1.096652139747035,-0.25382064220586575,-0.1497472366683082
hct116,libsize,TJP1,1.1724013970662261,-0.16032471895208253,-0.008650087841957883
hct116,libsize,TUFM,3.3802008432339123,-0.3257992175875703,-0.16064854460040384
hct116,libsize,TYW3,1.045572647805471,-0.4947063210722981,-0.11197629300955178
hct116,knn,ABCE1,2.079974554008243,0.2775207253092802,0.0932473992116429
hct116,knn,ADK,3.123554728970667,0.07255548440564866,-0.03881943215906501
hct116,knn,AFG3L2,1.0118386491793463,0.24409005419191368,0.027297330782595653
hct116,knn,CCND1,3.781622801301958,-0.425733098527807,-0.09100945072605576
hct116,knn,CD320,1.1140016233701366,-0.14176844289687596,-0.004976742028935187
hct116,knn,CLNS1A,1.405394089783072,0.10047502821152564,-0.10597859550885944
hct116,knn,DAD1,2.22417878624046,0.11478104987617224,0.03613745501093139
hct116,knn,EDF1,2.9765727438172287,-0.029114032264953918,-0.04269339478992263
hct116,knn,EEF1D,6.203799656154729,-0.5679405318155819,-0.3476736284211443
hct116,knn,GTF2A2,1.3539646353898374,-0.06124069802978707,-0.009051236364134532
hct116,knn,HNRNPC,8.22844435472723,-0.0031454888234883106,0.024075539874315023
hct116,knn,IER3,4.836141157748654,-0.057907567347895164,0.02928858712177913
hct116,knn,LAPTM4B,2.5685201413860566,-0.15464078046836788,-0.03350260945515069
hct116,knn,LYAR,1.7287840851550251,-0.6118617401221761,0.04135478520362298
hct116,knn,MCM4,1.0043441032073939,0.19050566919413817,0.062006184042777704
hct116,knn,NDUFB10,4.652280749182865,0.19578387505282155,0.0644681260662041
hct116,knn,PCM1,1.6056180018880999,0.020886379774803357,-0.025274710864744344
hct116,knn,PGD,1.0285737501196117,0.3751120486321811,0.09533001643559126
hct116,knn,PPP2R1A,1.4303232875072867,-0.19928960369132176,-0.07394932957239868
hct116,knn,RAD23B,2.517430486629666,0.12903523096054573,0.005210670743470441
hct116,knn,SMURF2,2.608355632170189,-0.6502511122376577,-0.0372007625156509
hct116,knn,SRSF1,1.2579085776815333,0.3428956539193306,-0.07608564624531354
hct116,knn,SRSF5,1.2321087447043122,-0.27789537004676185,-0.12003138489045528
hct116,knn,TCERG1,1.8470672788147873,0.08860900424029189,-0.09078861699580999
hct116,knn,TFAM,1.096652139747035,-0.2872679597419225,-0.16088950713288352
hct116,knn,TJP1,1.1724013970662261,-0.16670541646121328,0.0477014734658263
hct116,knn,TUFM,3.3802008432339123,-0.33096024590663053,-0.11968704086383422
hct116,knn,TYW3,1.045572647805471,-0.5674707448690886,-0.27508438749340186
hek293t,raw,ABCE1,1.309103205089415,0.049194851543896356,-0.01176698528708412
hek293t,raw,ADK,3.0165286187673934,-0.004882301477280935,0.020314247920104035
hek293t,raw,APPL1,1.053061566980181,0.04931246987599866,0.06536915351224341
hek293t,raw,CLNS1A,2.030935046008572,0.30651156006813873,0.054966203804782586
hek293t,raw,DAD1,2.424032708397614,-0.4096225315687942,-0.04071069320955943
hek293t,raw,E2F3,1.3192900239563354,-0.4403889422122291,-0.09425265902419237
hek293t,raw,ECHS1,1.3801551255860514,-0.5362878613911101,0.0742201931552119
hek293t,raw,EDF1,2.010285082543195,0.42578736385985705,0.02433483088202055
hek293t,raw,EEF1D,2.9137034445468766,0.012910051205052942,-0.009948560259768528
hek293t,raw,HMGN3,1.9823179234444455,0.37990725686352356,0.12060150968524633
hek293t,raw,HNRNPC,6.4055147832551205,-0.4696433120642769,0.035835974049951924
hek293t,raw,LAPTM4B,1.5986277469942582,0.20679429466397004,0.07295320576452072
hek293t,raw,LYAR,1.1167353647890532,-0.15837995677218789,-0.020529849142552303
hek293t,raw,MAGT1,1.450564952883202,-0.42983960834205365,0.08777657695928165
hek293t,raw,MCM4,1.6379907269634968,0.3296025961420848,-0.035931504727470004
hek293t,raw,MRPL19,1.0828172530948144,-0.24558117297035112,-0.05036879546330777
hek293t,raw,MRPS36,1.1565230904354595,0.36177357252644066,-0.07494295606592516
hek293t,raw,NCAPD3,1.4114911199953293,0.012063476619841725,0.020680801209477018
hek293t,raw,NDUFB10,5.553202731956959,-0.41622105792914466,-0.03716821799489504
hek293t,raw,NSD3,1.4613955060823869,0.5448630178590708,0.05869986738113142
hek293t,raw,NUP107,1.150433256978612,-0.027790196435394637,0.004567453490595692
hek293t,raw,PCM1,1.393710677192702,-0.08206286839943512,0.031566735701281726
hek293t,raw,PPP2R1A,1.3825971311600698,-0.022428958908244777,-0.008058116239082088
hek293t,raw,PSMB6,2.089519998784523,-0.1761322455177161,0.08116561280469767
hek293t,raw,RAD23B,1.5830670388449966,0.6769268896740318,0.002093138583035886
hek293t,raw,RPL9,10.868606144913587,0.34383599193413295,0.05620778944226492
hek293t,raw,SATB2,1.091141591400032,0.625245871129839,-0.12782958120093482
hek293t,raw,SELENOW,1.036069996189893,-0.45280982001885445,-0.11624408660262767
hek293t,raw,SPTAN1,1.086977627258447,0.044247603137898134,-0.028994348672281078
hek293t,raw,SRSF1,1.4134981228123162,-0.6332276672779904,0.21949783349495267
hek293t,raw,TCERG1,2.758826461998978,0.27973920104489985,-0.16496601053854643
hek293t,raw,TUFM,2.9433919467884007,0.3566539218394965,0.04030243894185477
hek293t,raw,TYW3,1.0473257053494398,-0.35103228933916003,-0.08002343741976126
hek293t,raw,USP33,1.3091027948062204,-0.06857283654845606,0.02442538263246506
hek293t,libsize,ABCE1,1.309103205089415,0.03782023034402209,-0.002392020684013765
hek293t,libsize,ADK,3.0165286187673934,-0.008654213319764244,0.0022102118427854084
hek293t,libsize,APPL1,1.053061566980181,0.13477738029120098,0.074004170269766
hek293t,libsize,CLNS1A,2.030935046008572,0.3530261720279585,0.08731286858332893
hek293t,libsize,DAD1,2.424032708397614,-0.4096849418491191,-0.05440022339266054
hek293t,libsize,E2F3,1.3192900239563354,-0.43947888249507555,-0.03448198889202748
hek293t,libsize,ECHS1,1.3801551255860514,-0.5388903862173239,-0.04259231820127651
hek293t,libsize,EDF1,2.010285082543195,0.4257241524841272,0.19792109012589945
hek293t,libsize,EEF1D,2.9137034445468766,-0.0017730266944482273,0.031812857511715725
hek293t,libsize,HMGN3,1.9823179234444455,0.3789515330237449,0.05675307097345861
hek293t,libsize,HNRNPC,6.4055147832551205,-0.47730623587809834,-0.014668468457256795
hek293t,libsize,LAPTM4B,1.5986277469942582,0.20759751712736066,0.07485537415832934
hek293t,libsize,LYAR,1.1167353647890532,-0.1594069124402363,-0.02671359941787263
hek293t,libsize,MAGT1,1.450564952883202,-0.4344713849113234,-0.08688132006573349
hek293t,libsize,MCM4,1.6379907269634968,0.3690405807146933,-0.13567226983661168
hek293t,libsize,MRPL19,1.0828172530948144,-0.2496740419617449,-0.03466486765433817
hek293t,libsize,MRPS36,1.1565230904354595,0.3598855856896365,0.10300674015417544
hek293t,libsize,NCAPD3,1.4114911199953293,0.004810849693154136,0.013955220448086147
hek293t,libsize,NDUFB10,5.553202731956959,-0.41412291809607854,-0.016250034025096956
hek293t,libsize,NSD3,1.4613955060823869,0.5400033011224818,-0.11919268379051731
hek293t,libsize,NUP107,1.150433256978612,-0.058811888822008475,-0.011810874195935937
hek293t,libsize,PCM1,1.393710677192702,-0.08269960722946187,0.02789036466592531
hek293t,libsize,PPP2R1A,1.3825971311600698,-0.025621311036166713,-0.008719072837225068
hek293t,libsize,PSMB6,2.089519998784523,-0.18163645167715434,-0.05774601607201042
hek293t,libsize,RAD23B,1.5830670388449966,0.6704989564786298,-0.3838896122986303
hek293t,libsize,RPL9,10.868606144913587,0.3434632506590815,0.0254480693401663
hek293t,libsize,SATB2,1.091141591400032,0.6224060815161849,0.07044394419719809
hek293t,libsize,SELENOW,1.036069996189893,-0.4556366710338316,-0.026149886775458153
hek293t,libsize,SPTAN1,1.086977627258447,0.04072901710507062,0.014667042141908166
hek293t,libsize,SRSF1,1.4134981228123162,-0.6317051283038186,-0.0676674875072747
hek293t,libsize,TCERG1,2.758826461998978,0.26471593056929826,-0.03608482819445441
hek293t,libsize,TUFM,2.9433919467884007,0.35684328407453053,0.06872070649188378
hek293t,libsize,TYW3,1.0473257053494398,-0.3525106456829272,0.0022071329322079806
hek293t,libsize,USP33,1.3091027948062204,-0.06383047892812013,0.03159407205058391
hek293t,knn,ABCE1,1.309103205089415,0.05200712504044704,-0.003242436442487698
hek293t,knn,ADK,3.0165286187673934,-0.00497632549151594,0.009780790330606918
hek293t,knn,APPL1,1.053061566980181,-0.38821375995748975,0.0408395009990304
hek293t,knn,CLNS1A,2.030935046008572,0.4887577651138149,0.09054743567067446
hek293t,knn,DAD1,2.424032708397614,-0.4010967857054892,-0.04255249887033886
hek293t,knn,E2F3,1.3192900239563354,-0.4399091334372375,-0.03312103295712297
hek293t,knn,ECHS1,1.3801551255860514,-0.5406478890439054,0.05055684052310287
hek293t,knn,EDF1,2.010285082543195,0.43255643309573205,0.07198471796975404
hek293t,knn,EEF1D,2.9137034445468766,-0.018703456349414685,-0.014320623628758017
hek293t,knn,HMGN3,1.9823179234444455,0.38684197777373003,0.04389175659344061
hek293t,knn,HNRNPC,6.4055147832551205,-0.48868695593580974,0.0544957840112477
hek293t,knn,LAPTM4B,1.5986277469942582,0.2502870434570226,0.12274233099998436
hek293t,knn,LYAR,1.1167353647890532,-0.16933379847156704,-0.08099615967380513
hek293t,knn,MAGT1,1.450564952883202,-0.4152428535618594,-0.056929854321824035
hek293t,knn,MCM4,1.6379907269634968,0.720864271159333,0.018169050192071972
hek293t,knn,MRPL19,1.0828172530948144,-0.277486389044974,-0.003549398376443591
hek293t,knn,MRPS36,1.1565230904354595,0.3626266019345801,-0.03789352963413646
hek293t,knn,NCAPD3,1.4114911199953293,-0.012526796274378046,0.017957157743566786
hek293t,knn,NDUFB10,5.553202731956959,-0.4192930244747445,-0.0387466251930423
hek293t,knn,NSD3,1.4613955060823869,0.5466803322354581,-0.035256606587326725
hek293t,knn,NUP107,1.150433256978612,-0.0408522513503576,0.0022758410376192105
hek293t,knn,PCM1,1.393710677192702,-0.09825125418413859,-0.005560449675767103
hek293t,knn,PPP2R1A,1.3825971311600698,-0.03836163076227092,-0.0013762261181155127
hek293t,knn,PSMB6,2.089519998784523,-0.1905651047777276,-0.047569385227476314
hek293t,knn,RAD23B,1.5830670388449966,0.7012989176560028,-0.151277275481021
hek293t,knn,RPL9,10.868606144913587,0.34688140438013765,0.13789106003818752
hek293t,knn,SATB2,1.091141591400032,0.621451071081727,0.126731609013254
hek293t,knn,SELENOW,1.036069996189893,-0.45668953853196814,-0.046415763818525656
hek293t,knn,SPTAN1,1.086977627258447,0.08428243967323548,-0.014571405167052489
hek293t,knn,SRSF1,1.4134981228123162,-0.6935909790112788,0.2990628150820194
hek293t,knn,TCERG1,2.758826461998978,0.2661981684629064,0.025320904076607566
hek293t,knn,TUFM,2.9433919467884007,0.3692247225073829,0.04283973900388435
hek293t,knn,TYW3,1.0473257053494398,-0.34914699806674293,-0.1797553170450879
hek293t,knn,USP33,1.3091027948062204,-0.07969142309988426,0.00777592345757541
