held_out,model,outdir
hepg2,control,/Users/matin/projects/ai-ml/zero-shot-perturbation/results/local_eval/hepg2_control
hepg2,calibrated,/Users/matin/projects/ai-ml/zero-shot-perturbation/results/local_eval/hepg2_calibrated
jurkat,control,/Users/matin/projects/ai-ml/zero-shot-perturbation/results/local_eval/jurkat_control
jurkat,calibrated,/Users/matin/projects/ai-ml/zero-shot-perturbation/results/local_eval/jurkat_calibrated
jurkat,scaled,/Users/matin/projects/ai-ml/zero-shot-perturbation/results/local_eval/jurkat_scaled
jurkat,gene_scaled,/Users/matin/projects/ai-ml/zero-shot-perturbation/results/local_eval/jurkat_gene_scaled
hepg2,scaled,/Users/matin/projects/ai-ml/zero-shot-perturbation/results/local_eval/hepg2_scaled
hepg2,gene_scaled,/Users/matin/projects/ai-ml/zero-shot-perturbation/results/local_eval/hepg2_gene_scaled
hepg2,mean_transfer,/Users/matin/projects/ai-ml/zero-shot-perturbation/results/local_eval/hepg2_mean_transfer
hepg2,weighted,/Users/matin/projects/ai-ml/zero-shot-perturbation/results/local_eval/hepg2_weighted
jurkat,mean_transfer,/Users/matin/projects/ai-ml/zero-shot-perturbation/results/local_eval/jurkat_mean_transfer
jurkat,weighted,/Users/matin/projects/ai-ml/zero-shot-perturbation/results/local_eval/jurkat_weighted
hct116,control,/Users/matin/projects/ai-ml/zero-shot-perturbation/results/local_eval/hct116_control
hct116,mean_transfer,/Users/matin/projects/ai-ml/zero-shot-perturbation/results/local_eval/hct116_mean_transfer
hct116,weighted,/Users/matin/projects/ai-ml/zero-shot-perturbation/results/local_eval/hct116_weighted
hepg2,norm_restored,/Users/matin/projects/ai-ml/zero-shot-perturbation/results/local_eval/hepg2_norm_restored
hepg2,median,/Users/matin/projects/ai-ml/zero-shot-perturbation/results/local_eval/hepg2_median
jurkat,norm_restored,/Users/matin/projects/ai-ml/zero-shot-perturbation/results/local_eval/jurkat_norm_restored
jurkat,median,/Users/matin/projects/ai-ml/zero-shot-perturbation/results/local_eval/jurkat_median
hct116,norm_restored,/Users/matin/projects/ai-ml/zero-shot-perturbation/results/local_eval/hct116_norm_restored
hct116,median,/Users/matin/projects/ai-ml/zero-shot-perturbation/results/local_eval/hct116_median
