held_out,model,status,nmae,mse,fid,reach,jac,pds,overall
h1,control,scored,-0.051996176854572,0.0,-0.0219222965429369,-0.0381525248524442,-0.0002319118817495,-0.0632645749091466,-0.0292612475068082
h1,mean_transfer,scored,0.0162480547803608,0.0,0.4063048163590598,0.1370842048300908,0.0151711091911676,0.546706249680094,0.1869190724734621
h1,mean_transfer+cd4,scored,0.0174805460691778,0.0,0.3777650020035228,0.1571664810713782,0.0136234323428455,0.5330398730613706,0.1831792224247158
h1,norm_restored,scored,0.0028747505435811,0.0,0.4560641506863391,0.1441975946473699,0.0241076782901324,0.5308389210216511,0.1930138491981789
h1,norm_restored+cd4,scored,0.0143454092811052,0.0,0.4562403774188949,0.1623938000992067,0.0260363642295126,0.5117469417003631,0.1951271487881804
h1,weighted,scored,0.0045096164569122,0.0,0.3543332458419552,0.1081670830763497,0.0065119344047044,0.4583610585043765,0.155313823047383
hct116,agreement,scored,0.2548490483501736,0.0,0.4233774455754064,0.4231818799698411,-0.3081663059959439,0.2422029514681273,0.1725741698946008
hct116,basal_modulated,scored,0.2544232261279147,0.0,0.3984091269940517,0.4276486210022848,-0.2347657555949192,0.2420001014250216,0.1812858866590589
hct116,control,scored,-0.0306097858406177,0.0,-0.016686131571102,-0.0425830625479222,-0.016,0.0038034383082307,-0.0170125902752352
hct116,depth_aware,scored,0.2548490483501735,0.0,0.4233774455754064,0.4231818799698411,-0.3081663059959439,0.2422029514681273,0.1725741698946007
hct116,mean_transfer,scored,0.2575771941355118,0.0,0.4472082624039505,0.4107001244783869,-0.2397247116947388,0.2785131091840358,0.1923789964178577
hct116,median,scored,0.2228382511113045,0.0,0.3648709146378709,0.3868407010858947,-0.2912590193981316,0.2221207972006696,0.1509019407729347
hct116,norm_restored,scored,0.2488000435965499,0.0,0.4765899284722263,0.4570131548905665,-0.3559007585647557,0.2462092398194635,0.1787852680356751
hct116,weighted,scored,0.2580682981862597,0.0,0.4216099121133623,0.4341900330712327,-0.3009426840843642,0.2925097621583246,0.1842392202408025
hepg2,agreement,scored,0.0637369152306005,0.0,0.2500844774135768,0.3429247144677153,0.14011966395124,0.663596557451306,0.2434103880857398
hepg2,basal_modulated,scored,0.0631481628422178,0.0,0.2784000377505545,0.3417553937131395,0.1162973655173175,0.6649554582515476,0.2440927363457961
hepg2,calibrated,scored,-0.0067267475467942,0.0,-0.0261197931639764,0.1864542404439269,0.0965043644987643,0.4147163923700235,0.1108047427669906
hepg2,control,scored,-0.1727471267419769,0.0,-0.1748079007022722,-0.1201265780255,0.0853365181072238,-0.0174140621067995,-0.0666265249115541
hepg2,depth_aware,scored,0.0637369152306005,0.0,0.2500844774135768,0.3429247144677153,0.14011966395124,0.663596557451306,0.2434103880857398
hepg2,gene_scaled,scored,-0.0368125715408005,0.0,0.1242436435128347,0.1500261350393656,0.0965073556805097,0.6197594242286981,0.1589539978201013
hepg2,mean_transfer,scored,0.0420472149137575,0.0,0.1800623084748191,0.2992784121603892,0.1392876106346237,0.6673712818964214,0.2213411380133351
hepg2,median,scored,-0.0014047466126787,0.0,0.1465289608898696,0.2082952137713919,0.0917127178868507,0.6780411696612815,0.1871955525994525
hepg2,norm_restored,scored,0.0807622562892815,0.0,0.3320628459103624,0.389855328021179,0.1120882422274827,0.6678242488298354,0.2637654868796902
hepg2,scaled,scored,-0.0384428140486827,0.0,-0.0888557583244957,0.1210876506502329,0.093639011082017,0.5710403140570738,0.1097447339026908
hepg2,weighted,scored,0.0693542223915082,0.0,0.2594725616777836,0.3375056618104771,0.114504381555194,0.6542855704866877,0.2391870663202751
hepg2@h1,norm_restored+h1,scored,0.1500691176488682,0.0,0.4974447752819051,0.5155025650514921,0.0687344465223797,0.5733944954128437,0.3008575666529148
hepg2@h1,norm_restored,scored,0.1609208958042797,0.0,0.5010589562902446,0.5213372121747489,0.0691147898652542,0.5703363914373085,0.3037947075953059
hepg2@h1,weighted+h1,scored,0.1397011815753384,0.0,0.3869046115033407,0.440083867952657,0.0506174085746972,0.5244648318042813,0.2569619835683858
hepg2@h1,weighted,scored,0.1392003394513131,0.0,0.3846201624301012,0.442720188213995,0.0502855596073216,0.5244648318042813,0.2568818469178354
jurkat,agreement,scored,0.1344331098155381,0.0,0.2859843871392325,0.3902232130533857,0.0680369547296949,0.652781318513231,0.2552431638751803
jurkat,basal_modulated,scored,0.1330554176035947,0.0,0.3143950726240442,0.389788637090521,0.0690800017100289,0.654412889410085,0.2601220030730456
jurkat,calibrated,stale evaluation set,,,,,,,
jurkat,control,scored,-0.0731699974250263,0.0,-0.0410944259488605,-0.0887130954832984,0.0316863477899889,0.0154489369295873,-0.0259737056896015
jurkat,depth_aware,scored,0.1344331098155382,0.0,0.2859843871392325,0.3902232130533857,0.0680369547296949,0.652781318513231,0.2552431638751804
jurkat,gene_scaled,stale evaluation set,,,,,,,
jurkat,mean_transfer,scored,0.1256070547064581,0.0,0.2675696708929438,0.3270107882371557,0.0591923331566843,0.6608371998164481,0.2400361744682816
jurkat,median,scored,0.0991457030706438,0.0,0.202345853266745,0.2562898343167209,0.0426873636274145,0.6655789527354306,0.2110079511694924
jurkat,norm_restored,scored,0.1538389032827254,0.0,0.4747941816935577,0.4354632937744375,0.0699249073095501,0.6737877938102275,0.3013015133117497
jurkat,scaled,stale evaluation set,,,,,,,
jurkat,weighted,scored,0.1448576818904654,0.0,0.2992702388547937,0.3632596699610058,0.0602714439849408,0.6418192015499922,0.2515797060401996
jurkat@h1,norm_restored,scored,0.1853133007519299,0.0,0.4158898023925398,0.3558577742914164,0.0488122112075212,0.7151916978956474,0.2868441310898424
jurkat@h1,weighted+h1,scored,0.147382865154989,0.0,0.2473152524598175,0.3261560212939641,0.0600028131134476,0.7690977226866532,0.2583257791181452
jurkat@h1,weighted,scored,0.1469886588021381,0.0,0.251077775471664,0.320498121168926,0.0578380923758706,0.7696742577111563,0.2576794842549592
