held_out,model,metric,value,n_perturbations,ci_low,ci_high
hct116,control,pds,0.5064321608040201,200,0.46715201005025125,0.5426400753768844
hct116,control,mse,1.445284365674371,200,1.07309839374365,1.8408749475071127
hct116,control,nmae,1.0210004314932342,36,1.0061981746104085,1.0361694176947576
hct116,control,fid,0.0584547942145529,127,0.024261811023622043,0.09785768135366055
hct116,control,reach,0.2797594082971261,116,0.21145588923171307,0.35312415442981426
hct116,control,jac,0.365,200,0.3,0.43
hct116,mean_transfer,pds,0.642537688442211,200,0.6013209798994975,0.6817349246231155
hct116,mean_transfer,mse,5.158370106931973,200,4.584907119454155,5.739850705771225
hct116,mean_transfer,nmae,0.7355004925746801,36,0.681540922120994,0.7865805392768156
hct116,mean_transfer,fid,0.4880638240564339,163,0.43563893699333867,0.5387887875988674
hct116,mean_transfer,reach,0.5928979605722232,116,0.5206803531555259,0.6683701752185144
hct116,mean_transfer,jac,0.2251720551907882,200,0.1742037753528104,0.27793567725383805
hct116,median,pds,0.6145979899497488,200,0.5765288944723618,0.6539428391959798
hct116,median,mse,5.118007595896046,200,4.580754277414731,5.749652187812089
hct116,median,nmae,0.7699155314231659,36,0.7187636773243287,0.8258933087024741
hct116,median,fid,0.4118118396544811,167,0.3643346243792324,0.4594393921946718
hct116,median,reach,0.5764153168009908,116,0.5035923598964427,0.6497094076098862
hct116,median,jac,0.1929631128761677,200,0.1436686536814824,0.2500269227924427
hct116,norm_restored,pds,0.6265326633165829,200,0.5839177135678392,0.6674214824120602
hct116,norm_restored,mse,5.6788010271418905,200,5.1191117433009765,6.274462180103903
hct116,norm_restored,nmae,0.7441958053988755,36,0.691184538678212,0.8038028067858272
hct116,norm_restored,fid,0.5152739589894483,178,0.464352542780529,0.5639565773075707
hct116,norm_restored,reach,0.6248920775168271,116,0.5572184288140567,0.6973965780597849
hct116,norm_restored,jac,0.1525620258970276,200,0.11217468931416352,0.19690233665845044
hct116,weighted,pds,0.6494723618090452,200,0.6084082914572864,0.6896074120603015
hct116,weighted,mse,4.9054415747268365,200,4.4029101315422094,5.443426153927775
hct116,weighted,nmae,0.735013967553658,36,0.6833464787673086,0.7861110863037252
hct116,weighted,fid,0.464357388762707,171,0.41290806059963975,0.515532981709465
hct116,weighted,reach,0.609125334938551,116,0.540368650002134,0.6722174808344836
hct116,weighted,jac,0.1869108224472723,200,0.14028730320183777,0.24149307216837354
hepg2,calibrated,pds,0.7078140703517587,200,0.67178391959799,0.7452977386934673
hepg2,calibrated,mse,0.8493919787475619,200,0.7056027943526879,0.9948746458101816
hepg2,calibrated,nmae,0.8720562561516056,139,0.8585163388727096,0.8867357234004465
hepg2,calibrated,fid,0.1341122087378593,182,0.10129847674613211,0.168136358203182
hepg2,calibrated,reach,0.3399976198691161,177,0.2927731823994153,0.38891901595152395
hepg2,calibrated,jac,0.1159307196724044,200,0.08137189540985633,0.15657382027960948
hepg2,control,pds,0.4920854271356784,200,0.44944597989949747,0.5312047738693466
hepg2,control,mse,1.0724322460124256,200,0.8830950816430281,1.2604968282887086
hepg2,control,nmae,1.0158679813080302,139,1.0065338809020847,1.0274541005525515
hepg2,control,fid,0.0086422413120302,179,0.0001231167110981855,0.025176392899585356
hepg2,control,reach,0.0912788876828538,177,0.05560698634259421,0.13188563337910353
hepg2,control,jac,0.1050029967988998,200,0.06500170330529989,0.1450047321719268
hepg2,gene_scaled,pds,0.810175879396985,200,0.7751783919597992,0.843015703517588
hepg2,gene_scaled,mse,0.9920720156920336,200,0.8353668569632227,1.1419024104105728
hepg2,gene_scaled,nmae,0.8981174799140444,139,0.8843040637929446,0.911950374226538
hepg2,gene_scaled,fid,0.2609958971123052,189,0.21844505309414602,0.3052831422290279
hepg2,gene_scaled,reach,0.310444720123454,177,0.2678969859176271,0.3588546106043198
hepg2,gene_scaled,jac,0.1159336465397727,200,0.08198507737629898,0.15169694068900427
hepg2,mean_transfer,pds,0.8339447236180904,200,0.8023800251256281,0.8628643216080403
hepg2,mean_transfer,mse,0.8525577983353734,200,0.7152975836881931,0.9856886879788838
hepg2,mean_transfer,nmae,0.8298068183526455,139,0.8063001010458785,0.8570864638335153
hepg2,mean_transfer,fid,0.3080982927946876,185,0.2623906792073098,0.35604801519200757
hepg2,mean_transfer,reach,0.4315280851127596,177,0.38515506528194476,0.47601356396935374
hepg2,mean_transfer,jac,0.1577940692395821,200,0.11997234763033622,0.1968417575624573
hepg2,median,pds,0.8392713567839196,200,0.8099214824120604,0.8667851758793971
hepg2,median,mse,0.9697468021131728,200,0.829633742669485,1.1204135147088432
hepg2,median,nmae,0.8674461827417658,139,0.845332255461683,0.894864851744294
hepg2,median,fid,0.2798012884221021,191,0.23800364692938325,0.32544338510503396
hepg2,median,reach,0.3577164687613628,177,0.3071822176996729,0.40792440325693624
hepg2,median,jac,0.1112420998215419,200,0.08371852695096732,0.14346183491710468
hepg2,norm_restored,pds,0.8341708542713567,200,0.8044616834170855,0.861983040201005
hepg2,norm_restored,mse,1.0007703765792195,200,0.8673383218371256,1.1333238680557034
hepg2,norm_restored,nmae,0.7962707132268355,139,0.7722717079249592,0.8278324260596945
hepg2,norm_restored,fid,0.4363634432259965,193,0.3951533100964093,0.4762718088165448
hepg2,norm_restored,reach,0.5050100980798689,177,0.462566511159404,0.5461482700831645
hepg2,norm_restored,jac,0.1311795233489136,200,0.10742413493061048,0.15615756165754538
hepg2,scaled,pds,0.7858542713567839,200,0.7534993718592965,0.8180157035175881
hepg2,scaled,mse,0.8779530399613193,200,0.7231947301236228,1.0374908169196548
hepg2,scaled,nmae,0.899529643821984,139,0.8869897339809134,0.9109648848169883
hepg2,scaled,fid,0.0811726721774727,182,0.05519286789605924,0.10908146493797057
hepg2,scaled,reach,0.2869678986295653,177,0.23467554017525266,0.338026851476666
hepg2,scaled,jac,0.1131269751566684,200,0.0770423895243558,0.15357854672201363
hepg2,weighted,pds,0.8274120603015075,200,0.7959773869346733,0.8545006281407036
hepg2,weighted,mse,0.893942490920357,200,0.7745041654759507,1.0228382931960533
hepg2,weighted,nmae,0.8061526870148424,139,0.7823359139843838,0.8373362835452243
hepg2,weighted,fid,0.3751083721319782,191,0.32970888278652893,0.4210230724208747
hepg2,weighted,reach,0.4625405702232256,177,0.4173208856415675,0.5082150565247164
hepg2,weighted,jac,0.1335437124746706,200,0.10416680730382093,0.16386708824901283
jurkat,calibrated,pds,0.6942462311557788,200,0.6506513819095476,0.7360847989949748
jurkat,calibrated,mse,1.0770583132967273,200,0.9499641757971384,1.223536917974079
jurkat,calibrated,nmae,0.8801537073369621,139,0.8594852971216398,0.899792066564522
jurkat,calibrated,fid,0.1827004955153228,190,0.14669167028891217,0.22293167582118323
jurkat,calibrated,reach,0.3654324079102521,180,0.315834546656395,0.4142350615054696
jurkat,calibrated,jac,0.0765436960157906,200,0.04814355434473126,0.10884057948347411
jurkat,control,pds,0.5237688442211056,200,0.48099874371859297,0.5623712311557789
jurkat,control,mse,1.0428449340108568,200,0.8729061752810163,1.2186742697296342
jurkat,control,nmae,1.0007813518535635,139,0.9916828624359966,1.01050886820207
jurkat,control,fid,0.0214787021335541,184,0.005747464514471305,0.040379260051054224
jurkat,control,reach,0.0816232408747515,180,0.05228184275770777,0.11567480849811063
jurkat,control,jac,0.08,200,0.045,0.12
jurkat,gene_scaled,pds,0.7822613065326633,200,0.7472211055276381,0.8169748743718592
jurkat,gene_scaled,mse,1.1632340749112613,200,1.0119326443018488,1.3113319737189346
jurkat,gene_scaled,nmae,0.875736871827884,139,0.8514461752903403,0.9036699721409623
jurkat,gene_scaled,fid,0.2741022676408201,193,0.2394505869686425,0.3161724089059224
jurkat,gene_scaled,reach,0.3964910382560067,180,0.350617305220944,0.44678778662105073
jurkat,gene_scaled,jac,0.0895782709965,200,0.06379211850973342,0.11942918947680038
jurkat,mean_transfer,pds,0.8391206030150752,200,0.8086538944723618,0.866356783919598
jurkat,mean_transfer,mse,1.2229072273440846,200,1.0894651206184778,1.3696510773964636
jurkat,mean_transfer,nmae,0.8196645389164853,139,0.7985721338140536,0.8458896453750451
jurkat,mean_transfer,fid,0.2937806720252213,192,0.2509255555841374,0.3385035970639985
jurkat,mean_transfer,reach,0.4603519231473056,180,0.40947970025796676,0.5120968789752884
jurkat,mean_transfer,jac,0.1107410099017821,200,0.08469686983272533,0.14208572221132865
jurkat,median,pds,0.8352010050251256,200,0.799640703517588,0.8673875628140705
jurkat,median,mse,1.2188805472305482,200,1.0724831600863962,1.3608856576354165
jurkat,median,nmae,0.8482832048129655,139,0.8267665978630626,0.8730950156381261
jurkat,median,fid,0.2414888863617053,191,0.20041204890797049,0.2828149920086306
jurkat,median,reach,0.402125064946538,180,0.35492740091706826,0.45142798837807324
jurkat,median,jac,0.1003452396029467,200,0.07344118159691654,0.13289545171179812
jurkat,norm_restored,pds,0.8392462311557787,200,0.8083605527638192,0.8681005025125628
jurkat,norm_restored,mse,1.727313823091859,200,1.5514191995302506,1.8911650468765882
jurkat,norm_restored,nmae,0.7967817319160448,139,0.7667463663440155,0.8347892421712554
jurkat,norm_restored,fid,0.5005674429645351,196,0.46195360540438757,0.5369516238911846
jurkat,norm_restored,reach,0.5461641347072257,180,0.4964638604000381,0.594915651649468
jurkat,norm_restored,jac,0.1259422963053497,200,0.10221547456488239,0.1524985086550039
jurkat,scaled,pds,0.7962814070351757,200,0.7621099246231154,0.8272606783919596
jurkat,scaled,mse,0.9814648196737644,200,0.8483903240092294,1.1314372729473634
jurkat,scaled,nmae,0.8986774328467654,139,0.881449951245215,0.9166059675891594
jurkat,scaled,fid,0.0856452447458506,188,0.0557170536383374,0.12044718957884251
jurkat,scaled,reach,0.3290409915755053,180,0.28001655298674843,0.37540966719928565
jurkat,scaled,jac,0.0798591364481351,200,0.04773890186835789,0.11746619937695296
jurkat,weighted,pds,0.8443467336683415,200,0.8140659547738694,0.8709554020100503
jurkat,weighted,mse,1.253805070025369,200,1.1204563893288841,1.385300380639932
jurkat,weighted,nmae,0.8140318744919367,139,0.7921250938158966,0.8416146433685027
jurkat,weighted,fid,0.331682591682755,193,0.29420935417710414,0.3732268700662281
jurkat,weighted,reach,0.4853476831014335,180,0.43885331216524615,0.5373968172680406
jurkat,weighted,jac,0.1226827876739758,200,0.09387126239495401,0.1530454234688212
