held_out,alpha,gate_cp10k,mean_pearson_loso
hepg2,0.0,0.0,0.15235872703625838
hepg2,0.0,0.05,0.15235872703625838
hepg2,0.0,0.2,0.14590834521379137
hepg2,0.2,0.0,0.1877104519586188
hepg2,0.2,0.05,0.1877104519586188
hepg2,0.2,0.2,0.1808182910606917
hepg2,0.4,0.0,0.18824852538740408
hepg2,0.4,0.05,0.18824852538740408
hepg2,0.4,0.2,0.18279361265922986
hepg2,0.6,0.0,0.18320319613930078
hepg2,0.6,0.05,0.18320319613930078
hepg2,0.6,0.2,0.17875503485969532
hepg2,0.8,0.0,0.17734715997508443
hepg2,0.8,0.05,0.17734715997508443
hepg2,0.8,0.2,0.17343564810208453
hepg2,1.0,0.0,0.17212143355146467
hepg2,1.0,0.05,0.17212143355146467
hepg2,1.0,0.2,0.16845945276261862
jurkat,0.0,0.0,0.23937016242912953
jurkat,0.0,0.05,0.23937016242912953
jurkat,0.0,0.2,0.23048913204335705
jurkat,0.2,0.0,0.25968306005297387
jurkat,0.2,0.05,0.25968306005297387
jurkat,0.2,0.2,0.25115236774480704
jurkat,0.4,0.0,0.24624496207755767
jurkat,0.4,0.05,0.24624496207755767
jurkat,0.4,0.2,0.23998341741340812
jurkat,0.6,0.0,0.23135165936224755
jurkat,0.6,0.05,0.23135165936224755
jurkat,0.6,0.2,0.22647994703843835
jurkat,0.8,0.0,0.218967533529153
jurkat,0.8,0.05,0.218967533529153
jurkat,0.8,0.2,0.214807176189759
jurkat,1.0,0.0,0.20924115854164324
jurkat,1.0,0.05,0.20924115854164324
jurkat,1.0,0.2,0.20540829309201816
