held_out,model,params,pds,mse,nmae,fid,reach,jac,mean_oriented
hepg2,calibrated,"{""alpha"": 0.4, ""gate_cp10k"": 0.0}",0.7419500105972817,1.056911407666959,0.9319338286421814,0.5298773404648623,0.6208293687912918,0.03328787230402879,0.32284989264138736
hepg2,gene_scaled,"{""lam"": 0.3}",0.8514730601542979,1.118400569773563,0.9454236415963267,0.5169449349237253,0.5660364266054548,0.0282207139939423,0.3164751540512551
hepg2,mean_transfer,{},0.8390297726153384,1.4904351894100696,0.8945051422262265,0.5174145517577368,0.6138996015918217,0.037995856947727204,0.27056657521272137
hepg2,scaled,"{""scale"": 0.4}",0.8390297726153384,1.0120529862320702,0.944814113199866,0.5174145517577368,0.6138996015918217,0.037995856947727204,0.341912113913448
hepg2,weighted,"{""temperature"": 0.05}",0.853277836105692,1.4127657257976567,0.8955773726519896,0.5175500253123052,0.6141078469814257,0.03902464597394461,0.2859362093206202
jurkat,calibrated,"{""alpha"": 0.4, ""gate_cp10k"": 0.0}",0.6657567130331041,1.0391750219904978,0.8979368232500787,0.5883870941389308,0.6661746791423524,0.05913952286982835,0.3403910273239399
jurkat,gene_scaled,"{""lam"": 0.3}",0.8147501731416237,1.1514754758412098,0.935303258514265,0.5568987793089191,0.5837115165620652,0.028492507172761913,0.3161790403049825
jurkat,mean_transfer,{},0.8000325283885519,1.487171321429507,0.852701126470348,0.5594231652276126,0.6406583562718251,0.051875182726196595,0.28535279745238856
jurkat,scaled,"{""scale"": 0.4}",0.8000325283885519,0.9946333353512786,0.9261761738696018,0.5594231652276126,0.6406583562718251,0.051875182726196595,0.35519662056555096
jurkat,weighted,"{""temperature"": 0.05}",0.8033236787633741,1.4654726649563965,0.8541398293858219,0.5593229778030366,0.6381988298584756,0.051112130581369895,0.28872418711067294
