held_out,model,r_raw_median,r_raw_ci_low,r_raw_ci_high,ceiling_raw_median,share_of_ceiling_raw_median,r_centred_median,r_centred_ci_low,r_centred_ci_high,ceiling_centred_median,share_of_ceiling_centred_median
hepg2,agreement,0.33060174589696634,0.2973096694717378,0.38614295826734996,0.819523983201867,0.45911258957624357,0.3090697583607084,0.2777682537102042,0.34863785572156913,0.8369214694081278,0.37789350607503225
hepg2,basal_modulated,0.3287133350096892,0.29605709613435094,0.3786590749030967,0.819523983201867,0.45854300630897105,0.3102055993767291,0.27710685791930295,0.34884070267805256,0.8369214694081278,0.3746238335797659
hepg2,calibrated,0.27429414083844617,0.24161116637015356,0.30682753645949795,0.819523983201867,0.3561071775155943,0.18437459683409346,0.15942780399266604,0.21908872632597948,0.8369214694081278,0.2321025575227635
hepg2,depth_aware,0.33060174589696634,0.2968477404571046,0.38614295826734996,0.819523983201867,0.45911258957624357,0.3090697583607084,0.27870319485422484,0.35048846447048576,0.8369214694081278,0.37789350607503225
hepg2,gene_scaled,0.24017816714575457,0.19203098888557002,0.266861713106318,0.819523983201867,0.31670316028261436,0.2185010260395669,0.18298354306702436,0.2462295917668457,0.8369214694081278,0.26682515296825393
hepg2,mean_transfer,0.3144705655598686,0.2755240930204812,0.35207703349910313,0.819523983201867,0.43466418513997984,0.2970995754234982,0.26503265040425616,0.34802169926179316,0.8369214694081278,0.36967977399257557
hepg2,median,0.2596691936047213,0.21737651625503396,0.299126156914219,0.819523983201867,0.3491468850815297,0.24564990140395304,0.2019594490329857,0.2731572856640592,0.8369214694081278,0.2888913016884337
hepg2,norm_restored,0.35341956799818164,0.320764887130609,0.400842093909171,0.819523983201867,0.4780241108943679,0.3458635675018741,0.3010031388561438,0.3730575010019046,0.8369214694081278,0.4024758230458855
hepg2,scaled,0.2201027148780739,0.17918946367076985,0.24186653619212423,0.819523983201867,0.2831018278669867,0.18425653327653196,0.15001600941527454,0.2109118387381973,0.8369214694081278,0.21722393575404977
hepg2,weighted,0.32912050131354287,0.28535900826837857,0.3924551615662069,0.819523983201867,0.463712811568243,0.32130285724316054,0.2980522402412417,0.33785352543956343,0.8369214694081278,0.3853655348309074
jurkat,agreement,0.22117439006191003,0.19073564815728417,0.2620994248595847,0.7342274013960594,0.3181975869789843,0.21817836365605214,0.19808667972478985,0.24282215938789686,0.7231763258500803,0.30872867454481945
jurkat,basal_modulated,0.21807581371006393,0.1917385642791595,0.26408279192743805,0.7342274013960594,0.316335586846383,0.217213008389663,0.1972478977744539,0.24403549108756162,0.7231763258500803,0.30491278580783976
jurkat,calibrated,0.15347857911280732,0.13522129775363873,0.1769026003373782,0.7342274013960594,0.2291298471192166,0.1396927669527278,0.12529564988561942,0.1570153829755691,0.7231763258500803,0.1998167422704341
jurkat,depth_aware,0.22117439006191003,0.1905054837906194,0.26048998323615263,0.7342274013960594,0.3181975869789843,0.21817836365605214,0.19808667972478985,0.24154492181620463,0.7231763258500803,0.30872867454481945
jurkat,gene_scaled,0.17994627457482149,0.16008062710422657,0.20643962371656993,0.7342274013960594,0.2618152080952736,0.17353180065296037,0.15191862135611878,0.18753099998178,0.7231763258500803,0.24967282417670067
jurkat,mean_transfer,0.2214618087802277,0.1782259932483964,0.25209076293594257,0.7342274013960594,0.32258177846489583,0.21522223960433048,0.1935851019049678,0.24707323309745471,0.7231763258500803,0.3094214868347689
jurkat,median,0.19864922964817888,0.160188155282997,0.23214530119706833,0.7342274013960594,0.2995218453135739,0.20591901772691074,0.17808021829351212,0.22471984515559848,0.7231763258500803,0.28465340138603945
jurkat,norm_restored,0.24629714284735052,0.21524568292880533,0.28883718471633213,0.7342274013960594,0.3606631982001976,0.2363817058663387,0.21211426984810777,0.2645084009609211,0.7231763258500803,0.341398954792539
jurkat,scaled,0.14254556652323372,0.12164353155403831,0.16119837936602222,0.7342274013960594,0.22054413549394203,0.13581029541643175,0.11201607981279901,0.15246536152274698,0.7231763258500803,0.198511756907474
jurkat,weighted,0.23014386534513187,0.1931965863026948,0.26315476234065294,0.7342274013960594,0.3497627775866442,0.22672757274333183,0.2079366577337065,0.24660474138038607,0.7231763258500803,0.3243870226341844
hct116,agreement,0.07670192140553704,0.04957933300501853,0.09901346837785546,0.45753482115350186,0.2098197866385571,0.07491263943870491,0.045498259080838606,0.09780173557442691,0.4192782157647019,0.2411853987127796
hct116,basal_modulated,0.07415364397791364,0.049859379975925384,0.0998215277789195,0.45753482115350186,0.20601923287290697,0.0767825580702951,0.04458998112963126,0.0962444973546639,0.4192782157647019,0.23941985730248833
hct116,depth_aware,0.07670192140553704,0.04908395868078506,0.10382993498729941,0.45753482115350186,0.2098197866385571,0.07491263943870491,0.04688390516890568,0.09783042227784351,0.4192782157647019,0.2411853987127796
hct116,mean_transfer,0.06633293191876244,0.051367403831930475,0.10540495170077252,0.45753482115350186,0.2132081954867635,0.07707288797508591,0.051027951464459216,0.09758280062707061,0.4192782157647019,0.2146303594258837
hct116,median,0.07569232670684117,0.04760998632824131,0.09998632795513533,0.45753482115350186,0.2270779958406806,0.07270080326382483,0.04571023043242751,0.09391818922766906,0.4192782157647019,0.23675226417846584
hct116,norm_restored,0.07551547362787797,0.047720612593499495,0.11453986845094549,0.45753482115350186,0.2317412937306052,0.07862503249593053,0.06084988126033648,0.10017812652137692,0.4192782157647019,0.272699000167373
hct116,weighted,0.09260720020756626,0.06267868017717236,0.11551859633852259,0.45753482115350186,0.2365196206773121,0.10595605858903559,0.0629697572469979,0.13080542454206437,0.4192782157647019,0.27022009878674896
h1,mean_transfer+cd4,0.14482166718835776,0.11012717038154138,0.174399823399634,0.850484710675836,0.19292302126693858,0.14990750074069611,0.11607331208865114,0.17241106843193807,0.853559901608673,0.1906726722249482
h1,mean_transfer,0.13673793229458475,0.11364342911788827,0.1682741242298067,0.850484710675836,0.17737579420082922,0.136038830055829,0.11565672290989196,0.1642396293912509,0.853559901608673,0.18623474811728205
h1,norm_restored+cd4,0.13267773603352812,0.11022143629816021,0.1623482385743668,0.850484710675836,0.18210875780360977,0.13299250996919465,0.11401507664463843,0.17227166623499995,0.853559901608673,0.1804538201484918
h1,norm_restored,0.12935330219158944,0.10027021732366503,0.14876542960462882,0.850484710675836,0.16390362936721972,0.12401802772775847,0.10772148800545223,0.1428542832449304,0.853559901608673,0.14985946410531048
h1,weighted+cd4,0.12388330668943875,0.10821989753152647,0.14658910878031128,0.850484710675836,0.16702742334082193,0.12520387433228578,0.10477282456689781,0.15278420116212024,0.853559901608673,0.17225097712532506
h1,weighted,0.11257483112891295,0.09528741096175362,0.13004335954398946,0.850484710675836,0.1415494110528565,0.10488487763855027,0.09521893972015572,0.12381470252047702,0.853559901608673,0.1333513698089781
