held_out,group,target,metric,value,above_median
hepg2,A,AARS,pds,0.9949748743718592,True
hepg2,A,AARS,fid,0.4361283061339336,True
hepg2,A,AARS,reach,0.4710185706246483,True
hepg2,A,AARS,jac,0.1988408381631743,True
hepg2,A,POP7,pds,0.964824120603015,True
hepg2,A,POP7,fid,0.1867749419953596,False
hepg2,A,POP7,reach,0.7006960556844548,True
hepg2,A,POP7,jac,0.1115834218916046,True
hepg2,A,GTF3C6,pds,0.6582914572864322,False
hepg2,A,GTF3C6,fid,1.0,True
hepg2,A,GTF3C6,reach,,False
hepg2,A,GTF3C6,jac,0.0,False
hepg2,A,ACTR2,pds,0.3517587939698492,False
hepg2,A,ACTR2,fid,0.6148148148148148,True
hepg2,A,ACTR2,reach,,False
hepg2,A,ACTR2,jac,0.0,False
hepg2,B,HSD17B12,pds,0.4673366834170854,False
hepg2,B,HSD17B12,fid,0.3888888888888889,True
hepg2,B,HSD17B12,reach,1.0,True
hepg2,B,HSD17B12,jac,0.0555555555555555,False
hepg2,B,GABPA,pds,0.6130653266331658,False
hepg2,B,GABPA,fid,0.6881287726358148,True
hepg2,B,GABPA,reach,1.0,True
hepg2,B,GABPA,jac,0.0457875457875457,False
hepg2,B,E4F1,pds,0.9899497487437184,True
hepg2,B,E4F1,fid,0.2141779788838612,False
hepg2,B,E4F1,reach,0.4585218702865761,True
hepg2,B,E4F1,jac,0.0839895013123359,False
hepg2,B,GLB1,pds,0.9396984924623116,True
hepg2,B,GLB1,fid,0.1290322580645161,False
hepg2,B,GLB1,reach,0.2580645161290322,False
hepg2,B,GLB1,jac,0.0815899581589958,False
jurkat,A,AARS,pds,0.9949748743718592,True
jurkat,A,AARS,fid,0.5922493681550126,True
jurkat,A,AARS,reach,0.7632687447346251,True
jurkat,A,AARS,jac,0.2475308641975308,True
jurkat,A,POP7,pds,0.8894472361809045,False
jurkat,A,POP7,fid,0.5720524017467249,False
jurkat,A,POP7,reach,0.1779935275080906,False
jurkat,A,POP7,jac,0.0864022662889518,True
jurkat,A,GTF3C6,pds,0.8442211055276382,False
jurkat,A,GTF3C6,fid,0.0044642857142857,False
jurkat,A,GTF3C6,reach,0.0044642857142857,False
jurkat,A,GTF3C6,jac,0.0,False
jurkat,A,ACTR2,pds,0.5728643216080402,False
jurkat,A,ACTR2,fid,0.6493506493506493,True
jurkat,A,ACTR2,reach,0.1818181818181818,False
jurkat,A,ACTR2,jac,0.0,False
jurkat,B,HSD17B12,pds,0.2814070351758794,False
jurkat,B,HSD17B12,fid,0.76,True
jurkat,B,HSD17B12,reach,,False
jurkat,B,HSD17B12,jac,0.0,False
jurkat,B,GABPA,pds,1.0,True
jurkat,B,GABPA,fid,0.2393617021276596,False
jurkat,B,GABPA,reach,0.5425531914893617,True
jurkat,B,GABPA,jac,0.0816326530612244,True
jurkat,B,E4F1,pds,0.9547738693467336,True
jurkat,B,E4F1,fid,0.6644067796610169,True
jurkat,B,E4F1,reach,0.92,True
jurkat,B,E4F1,jac,0.0675675675675675,False
jurkat,B,GLB1,pds,0.9447236180904522,False
jurkat,B,GLB1,fid,0.356353591160221,False
jurkat,B,GLB1,reach,0.4143646408839779,False
jurkat,B,GLB1,jac,0.145021645021645,True
