held_out,base,candidate,metric,n,improvement,ci_low,ci_high
hepg2,weighted@h1,weighted+h1@h1,pds,39,0.0,0.0,0.0
hepg2,weighted@h1,weighted+h1@h1,mse,39,1.494230989446186e-06,-3.223472797682912e-05,1.964541921151785e-05
hepg2,weighted@h1,weighted+h1@h1,nmae,27,0.00047654402801384696,0.00016529416593367183,0.0008227436301066449
hepg2,weighted@h1,weighted+h1@h1,fid,39,0.002225989133703833,-0.0001157763091511879,0.005402425163699262
hepg2,weighted@h1,weighted+h1@h1,reach,37,-0.0022679135179710683,-0.007127313869419084,0.0003480849179060101
hepg2,weighted@h1,weighted+h1@h1,jac,39,0.00031483107161275225,-8.68256743606668e-05,0.0009983402456657214
jurkat,weighted@h1,weighted+h1@h1,pds,85,-0.0002801120448179242,-0.0011204481792717028,0.0004201680672268971
jurkat,weighted@h1,weighted+h1@h1,mse,85,2.224527714798e-05,1.609703895957375e-05,2.7816400434713822e-05
jurkat,weighted@h1,weighted+h1@h1,nmae,67,0.0003657551492759895,5.421500992997984e-05,0.0007105042522050732
jurkat,weighted@h1,weighted+h1@h1,fid,83,-0.003664939454554262,-0.018146296586870447,0.005720903625381393
jurkat,weighted@h1,weighted+h1@h1,reach,81,0.0043720580038830404,0.00010074128102130795,0.012560022174153869
jurkat,weighted@h1,weighted+h1@h1,jac,85,0.00206119998854625,-0.00010115960728094851,0.006110084104482444
hepg2,norm_restored@h1,norm_restored+h1@h1,pds,39,0.0013495276653171374,0.0,0.0033738191632928438
hepg2,norm_restored@h1,norm_restored+h1@h1,mse,39,8.818423290641066e-06,-5.166376094287283e-06,3.299051672594503e-05
hepg2,norm_restored@h1,norm_restored+h1@h1,nmae,27,-0.010325309763744486,-0.031566022704456936,0.0005763856169173538
hepg2,norm_restored@h1,norm_restored+h1@h1,fid,39,-0.0035216927118420904,-0.010044224798951326,0.0012060714816832172
hepg2,norm_restored@h1,norm_restored+h1@h1,reach,37,-0.005019297267286273,-0.017200879198158537,0.001510111631603128
hepg2,norm_restored@h1,norm_restored+h1@h1,jac,39,-0.0003608385560603677,-0.002779862933290117,0.0016686818796298672
