held_out,model,metric,coverage,mean_score
hepg2,calibrated,pds,0.3,0.4679229480737018
hepg2,calibrated,pds,0.35,0.5284278535534815
hepg2,calibrated,pds,0.39999999999999997,0.543718592964824
hepg2,calibrated,pds,0.44999999999999996,0.5275265214963708
hepg2,calibrated,pds,0.5,0.542110552763819
hepg2,calibrated,pds,0.5499999999999999,0.5640931932389218
hepg2,calibrated,pds,0.6,0.5760050251256281
hepg2,calibrated,pds,0.6499999999999999,0.6023192887514496
hepg2,calibrated,pds,0.7,0.6115936826992103
hepg2,calibrated,pds,0.75,0.6311557788944723
hepg2,calibrated,pds,0.7999999999999999,0.6478957286432161
hepg2,calibrated,pds,0.8499999999999999,0.6605971031628731
hepg2,calibrated,pds,0.8999999999999999,0.6771635957565606
hepg2,calibrated,pds,0.95,0.6875429780481354
hepg2,calibrated,pds,1.0,0.6954522613065326
hepg2,calibrated,jac,0.3,0.3826667108273955
hepg2,calibrated,jac,0.35,0.3351350384480217
hepg2,calibrated,jac,0.39999999999999997,0.2998426614699702
hepg2,calibrated,jac,0.44999999999999996,0.28975079368499923
hepg2,calibrated,jac,0.5,0.2688264100519545
hepg2,calibrated,jac,0.5499999999999999,0.2482799997825176
hepg2,calibrated,jac,0.6,0.23016135584734435
hepg2,calibrated,jac,0.6499999999999999,0.21414752546175164
hepg2,calibrated,jac,0.7,0.2008980956931863
hepg2,calibrated,jac,0.75,0.18945911091276907
hepg2,calibrated,jac,0.7999999999999999,0.1794973462040609
hepg2,calibrated,jac,0.8499999999999999,0.1705663634248938
hepg2,calibrated,jac,0.8999999999999999,0.16256010441207322
hepg2,calibrated,jac,0.95,0.1557090673017284
hepg2,calibrated,jac,1.0,0.14925517931792348
hepg2,calibrated,reach,0.3,0.5826964169444213
hepg2,calibrated,reach,0.35,0.5914536055604968
hepg2,calibrated,reach,0.39999999999999997,0.60285662933329
hepg2,calibrated,reach,0.44999999999999996,0.5890965916643219
hepg2,calibrated,reach,0.5,0.5763234387623999
hepg2,calibrated,reach,0.5499999999999999,0.563143001719529
hepg2,calibrated,reach,0.6,0.5353711071455952
hepg2,calibrated,reach,0.6499999999999999,0.5325586461349665
hepg2,calibrated,reach,0.7,0.5144428258390198
hepg2,calibrated,reach,0.75,0.49976643786672525
hepg2,calibrated,reach,0.7999999999999999,0.47890639962235376
hepg2,calibrated,reach,0.8499999999999999,0.46802201455435266
hepg2,calibrated,reach,0.8999999999999999,0.4558544583698297
hepg2,calibrated,reach,0.95,0.451051758201831
hepg2,calibrated,reach,1.0,0.4464459033250833
jurkat,calibrated,pds,0.3,0.504857621440536
jurkat,calibrated,pds,0.35,0.523546302943288
jurkat,calibrated,pds,0.39999999999999997,0.535678391959799
jurkat,calibrated,pds,0.44999999999999996,0.5433277498604133
jurkat,calibrated,pds,0.5,0.5521608040201005
jurkat,calibrated,pds,0.5499999999999999,0.5627227044312472
jurkat,calibrated,pds,0.6,0.5719849246231157
jurkat,calibrated,pds,0.6499999999999999,0.5784306146115192
jurkat,calibrated,pds,0.7,0.5912060301507539
jurkat,calibrated,pds,0.75,0.6000335008375208
jurkat,calibrated,pds,0.7999999999999999,0.6069723618090452
jurkat,calibrated,pds,0.8499999999999999,0.6086905113804316
jurkat,calibrated,pds,0.8999999999999999,0.6156337241764378
jurkat,calibrated,pds,0.95,0.6296217931764083
jurkat,calibrated,pds,1.0,0.6391457286432162
jurkat,calibrated,jac,0.3,0.10313344775212695
jurkat,calibrated,jac,0.35,0.10353590072966722
jurkat,calibrated,jac,0.39999999999999997,0.09106700188550108
jurkat,calibrated,jac,0.44999999999999996,0.08132081337987282
jurkat,calibrated,jac,0.5,0.0742931874403383
jurkat,calibrated,jac,0.5499999999999999,0.07754476674248524
jurkat,calibrated,jac,0.6,0.08851295684093903
jurkat,calibrated,jac,0.6499999999999999,0.08211284417989437
jurkat,calibrated,jac,0.7,0.07689649838073095
jurkat,calibrated,jac,0.75,0.0723827031571245
jurkat,calibrated,jac,0.7999999999999999,0.06859432463376317
jurkat,calibrated,jac,0.8499999999999999,0.06518326719280462
jurkat,calibrated,jac,0.8999999999999999,0.06272147802718156
jurkat,calibrated,jac,0.95,0.0603482479528815
jurkat,calibrated,jac,1.0,0.0604012713774284
jurkat,calibrated,reach,0.3,0.3042530469879421
jurkat,calibrated,reach,0.35,0.32995910579687204
jurkat,calibrated,reach,0.39999999999999997,0.31419731963458314
jurkat,calibrated,reach,0.44999999999999996,0.32728478014834095
jurkat,calibrated,reach,0.5,0.3340443454807919
jurkat,calibrated,reach,0.5499999999999999,0.318410519554679
jurkat,calibrated,reach,0.6,0.3042906568960214
jurkat,calibrated,reach,0.6499999999999999,0.3012337070389246
jurkat,calibrated,reach,0.7,0.2894127714747992
jurkat,calibrated,reach,0.75,0.3002548031153373
jurkat,calibrated,reach,0.7999999999999999,0.2899306236248303
jurkat,calibrated,reach,0.8499999999999999,0.2864759441367418
jurkat,calibrated,reach,0.8999999999999999,0.2781649318231159
jurkat,calibrated,reach,0.95,0.27337075422750445
jurkat,calibrated,reach,1.0,0.2782833147400142
