held_out,model,signal,metric,n,spearman_rho,p_value
hepg2,calibrated,disagreement,pds,200,0.47734185026764675,8.898779233054332e-13
hepg2,calibrated,disagreement,mse,200,-0.7513717842946075,1.3473874267645457e-37
hepg2,calibrated,disagreement,nmae,139,-0.06380535323294159,0.4555334349984961
hepg2,calibrated,disagreement,fid,182,0.04667310634347965,0.5315396532036718
hepg2,calibrated,disagreement,reach,177,-0.39283255629002367,6.36345329009981e-08
hepg2,calibrated,disagreement,jac,200,0.03597515393341337,0.6130389755155111
hepg2,calibrated,disagreement_norm,pds,200,-0.38446214980864823,1.903367763813065e-08
hepg2,calibrated,disagreement_norm,mse,200,0.5237740943523589,1.741704929170082e-15
hepg2,calibrated,disagreement_norm,nmae,139,-0.15718307341704274,0.06461234188435457
hepg2,calibrated,disagreement_norm,fid,182,-0.21924947123610922,0.002942077743176227
hepg2,calibrated,disagreement_norm,reach,177,0.10558099239043024,0.16192584390091283
hepg2,calibrated,disagreement_norm,jac,200,-0.15187425617496159,0.03180659496867235
hepg2,calibrated,n_sources_inv,pds,200,,
hepg2,calibrated,n_sources_inv,mse,200,,
hepg2,calibrated,n_sources_inv,nmae,139,,
hepg2,calibrated,n_sources_inv,fid,182,,
hepg2,calibrated,n_sources_inv,reach,177,,
hepg2,calibrated,n_sources_inv,jac,200,,
hepg2,calibrated,effect_magnitude,pds,200,0.5288594062170001,8.290556103635609e-16
hepg2,calibrated,effect_magnitude,mse,200,-0.8028350708767721,2.371505419906367e-46
hepg2,calibrated,effect_magnitude,nmae,139,0.0010009383797309978,0.9906694897118081
hepg2,calibrated,effect_magnitude,fid,182,0.10100827714958244,0.17485748360290346
hepg2,calibrated,effect_magnitude,reach,177,-0.3840555304672607,1.3123168292558885e-07
hepg2,calibrated,effect_magnitude,jac,200,0.07790255785862646,0.27287306396697897
hepg2,calibrated,basal_distance,pds,200,,
hepg2,calibrated,basal_distance,mse,200,,
hepg2,calibrated,basal_distance,nmae,139,,
hepg2,calibrated,basal_distance,fid,182,,
hepg2,calibrated,basal_distance,reach,177,,
hepg2,calibrated,basal_distance,jac,200,,
hepg2,calibrated,model_uncertainty,pds,200,0.47734185026764675,8.898779233054332e-13
hepg2,calibrated,model_uncertainty,mse,200,-0.7513717842946075,1.3473874267645457e-37
hepg2,calibrated,model_uncertainty,nmae,139,-0.06380535323294159,0.4555334349984961
hepg2,calibrated,model_uncertainty,fid,182,0.04667310634347965,0.5315396532036718
hepg2,calibrated,model_uncertainty,reach,177,-0.39283255629002367,6.36345329009981e-08
hepg2,calibrated,model_uncertainty,jac,200,0.03597515393341337,0.6130389755155111
hepg2,gene_scaled,disagreement,pds,200,0.4467672575905662,3.3266937421271526e-11
hepg2,gene_scaled,disagreement,mse,200,-0.7931493287332184,1.623674221470352e-44
hepg2,gene_scaled,disagreement,nmae,139,-0.16050315027481118,0.05909684326470555
hepg2,gene_scaled,disagreement,fid,189,-0.05196869002467246,0.47758519914748493
hepg2,gene_scaled,disagreement,reach,177,-0.2701643261970347,0.0002761546447819293
hepg2,gene_scaled,disagreement,jac,200,0.11474290330622906,0.10568704911080601
hepg2,gene_scaled,disagreement_norm,pds,200,-0.3630212745632574,1.270462295634121e-07
hepg2,gene_scaled,disagreement_norm,mse,200,0.5331718292957325,4.3744751301494266e-16
hepg2,gene_scaled,disagreement_norm,nmae,139,-0.1679565664238795,0.04811400294574664
hepg2,gene_scaled,disagreement_norm,fid,189,-0.0679217824458919,0.35307128806007354
hepg2,gene_scaled,disagreement_norm,reach,177,-0.025831272533509232,0.7328892113490358
hepg2,gene_scaled,disagreement_norm,jac,200,-0.17291346324496426,0.014344845692314877
hepg2,gene_scaled,n_sources_inv,pds,200,,
hepg2,gene_scaled,n_sources_inv,mse,200,,
hepg2,gene_scaled,n_sources_inv,nmae,139,,
hepg2,gene_scaled,n_sources_inv,fid,189,,
hepg2,gene_scaled,n_sources_inv,reach,177,,
hepg2,gene_scaled,n_sources_inv,jac,200,,
hepg2,gene_scaled,effect_magnitude,pds,200,0.4975579760235746,6.61206802415261e-14
hepg2,gene_scaled,effect_magnitude,mse,200,-0.8359798994974875,1.689145732400333e-53
hepg2,gene_scaled,effect_magnitude,nmae,139,-0.07797935564591804,0.3615311663038114
hepg2,gene_scaled,effect_magnitude,fid,189,-0.04375964458494002,0.5499125407696434
hepg2,gene_scaled,effect_magnitude,reach,177,-0.2344991150544519,0.0016801166098204682
hepg2,gene_scaled,effect_magnitude,jac,200,0.1568890804910471,0.026514169452873076
hepg2,gene_scaled,basal_distance,pds,200,,
hepg2,gene_scaled,basal_distance,mse,200,,
hepg2,gene_scaled,basal_distance,nmae,139,,
hepg2,gene_scaled,basal_distance,fid,189,,
hepg2,gene_scaled,basal_distance,reach,177,,
hepg2,gene_scaled,basal_distance,jac,200,,
hepg2,scaled,disagreement,pds,200,0.4040537692925006,2.9690099525904855e-09
hepg2,scaled,disagreement,mse,200,-0.7340148503712595,4.0984975708114843e-35
hepg2,scaled,disagreement,nmae,139,-0.047692032709236325,0.5771717569278303
hepg2,scaled,disagreement,fid,182,0.1533171270482931,0.03879609105793553
hepg2,scaled,disagreement,reach,177,-0.3112343327049251,2.4804408480411224e-05
hepg2,scaled,disagreement,jac,200,0.005236935264843803,0.9413304759736734
hepg2,scaled,disagreement_norm,pds,200,-0.35977357521770015,1.6737715144591763e-07
hepg2,scaled,disagreement_norm,mse,200,0.5140253506337659,6.984773806268227e-15
hepg2,scaled,disagreement_norm,nmae,139,-0.19135350105009158,0.0240364425381603
hepg2,scaled,disagreement_norm,fid,182,-0.22144539979589012,0.00266221091578113
hepg2,scaled,disagreement_norm,reach,177,0.10441407076555677,0.16664032128131417
hepg2,scaled,disagreement_norm,jac,200,-0.023086846573969436,0.7455640080600413
hepg2,scaled,n_sources_inv,pds,200,,
hepg2,scaled,n_sources_inv,mse,200,,
hepg2,scaled,n_sources_inv,nmae,139,,
hepg2,scaled,n_sources_inv,fid,182,,
hepg2,scaled,n_sources_inv,reach,177,,
hepg2,scaled,n_sources_inv,jac,200,,
hepg2,scaled,effect_magnitude,pds,200,0.4689042026565235,2.5063957989567293e-12
hepg2,scaled,effect_magnitude,mse,200,-0.7830510762769071,1.0532142418717907e-42
hepg2,scaled,effect_magnitude,nmae,139,0.02780285088699227,0.7452616222834602
hepg2,scaled,effect_magnitude,fid,182,0.2249881224635454,0.0022612045413549077
hepg2,scaled,effect_magnitude,reach,177,-0.30387210753519256,3.926417472150323e-05
hepg2,scaled,effect_magnitude,jac,200,0.027422581057297207,0.6998999469856853
hepg2,scaled,basal_distance,pds,200,,
hepg2,scaled,basal_distance,mse,200,,
hepg2,scaled,basal_distance,nmae,139,,
hepg2,scaled,basal_distance,fid,182,,
hepg2,scaled,basal_distance,reach,177,,
hepg2,scaled,basal_distance,jac,200,,
hepg2,weighted,disagreement,pds,200,0.28204902836035306,5.20489676348934e-05
hepg2,weighted,disagreement,mse,200,-0.8659011475286883,1.769802246697674e-61
hepg2,weighted,disagreement,nmae,139,-0.1117610259618392,0.19024588656149927
hepg2,weighted,disagreement,fid,193,-0.09804715454446383,0.17492837410101558
hepg2,weighted,disagreement,reach,177,-0.35405865807672326,1.3341147078208096e-06
hepg2,weighted,disagreement,jac,200,0.2213557220767959,0.0016327616450217946
hepg2,weighted,disagreement_norm,pds,200,-0.3301965851128434,1.7968400022679834e-06
hepg2,weighted,disagreement_norm,mse,200,0.5417385434635866,1.195283589095768e-16
hepg2,weighted,disagreement_norm,nmae,139,-0.28250145225434553,0.000753127251542824
hepg2,weighted,disagreement_norm,fid,193,-0.03717461286938275,0.6077632869062751
hepg2,weighted,disagreement_norm,reach,177,0.03643690473148142,0.6301705630129364
hepg2,weighted,disagreement_norm,jac,200,-0.24561995900026273,0.00045544918628683196
hepg2,weighted,n_sources_inv,pds,200,,
hepg2,weighted,n_sources_inv,mse,200,,
hepg2,weighted,n_sources_inv,nmae,139,,
hepg2,weighted,n_sources_inv,fid,193,,
hepg2,weighted,n_sources_inv,reach,177,,
hepg2,weighted,n_sources_inv,jac,200,,
hepg2,weighted,effect_magnitude,pds,200,0.34688717645153444,4.851202614604398e-07
hepg2,weighted,effect_magnitude,mse,200,-0.899357983949599,4.527350629483979e-73
hepg2,weighted,effect_magnitude,nmae,139,-0.005223647169221144,0.951335181416289
hepg2,weighted,effect_magnitude,fid,193,-0.08268398513027299,0.25296413943999996
hepg2,weighted,effect_magnitude,reach,177,-0.3196394038719182,1.4462837973044205e-05
hepg2,weighted,effect_magnitude,jac,200,0.2807909997381723,5.6392461184840844e-05
hepg2,weighted,basal_distance,pds,200,,
hepg2,weighted,basal_distance,mse,200,,
hepg2,weighted,basal_distance,nmae,139,,
hepg2,weighted,basal_distance,fid,193,,
hepg2,weighted,basal_distance,reach,177,,
hepg2,weighted,basal_distance,jac,200,,
jurkat,calibrated,disagreement,pds,200,0.41699157796551944,8.134451207864764e-10
jurkat,calibrated,disagreement,mse,200,-0.6338243456086404,7.252737975432136e-24
jurkat,calibrated,disagreement,nmae,139,0.08762232450064791,0.3050341505948818
jurkat,calibrated,disagreement,fid,190,0.2975281210463534,3.0609559131291855e-05
jurkat,calibrated,disagreement,reach,180,-0.1831491592961457,0.013857444448158555
jurkat,calibrated,disagreement,jac,200,0.314548577349277,5.7282482753664505e-06
jurkat,calibrated,disagreement_norm,pds,200,-0.5373778251629626,2.3242551974517247e-16
jurkat,calibrated,disagreement_norm,mse,200,0.6702572564314109,1.9015048710569975e-27
jurkat,calibrated,disagreement_norm,nmae,139,-0.17525358595111484,0.039060421959565196
jurkat,calibrated,disagreement_norm,fid,190,-0.325845400730652,4.482392367502685e-06
jurkat,calibrated,disagreement_norm,reach,180,0.18702654260878168,0.011938188093096413
jurkat,calibrated,disagreement_norm,jac,200,-0.3252779634592541,2.60505815516716e-06
jurkat,calibrated,n_sources_inv,pds,200,0.006141884207136088,0.9312154312660912
jurkat,calibrated,n_sources_inv,mse,200,0.10620760740523018,0.13443891180730608
jurkat,calibrated,n_sources_inv,nmae,139,,
jurkat,calibrated,n_sources_inv,fid,190,0.12246706106243027,0.09231809129661143
jurkat,calibrated,n_sources_inv,reach,180,0.11167933347744093,0.1355497493175498
jurkat,calibrated,n_sources_inv,jac,200,0.11922640535457964,0.09265601770142726
jurkat,calibrated,effect_magnitude,pds,200,0.565929415116278,2.493013836377313e-18
jurkat,calibrated,effect_magnitude,mse,200,-0.7696557413935349,1.912637989756066e-40
jurkat,calibrated,effect_magnitude,nmae,139,0.1741051878993699,0.04038232188667454
jurkat,calibrated,effect_magnitude,fid,190,0.3618781513168399,2.894789012237911e-07
jurkat,calibrated,effect_magnitude,reach,180,-0.20137966329239904,0.0067121582809491
jurkat,calibrated,effect_magnitude,jac,200,0.39753369712733483,5.5847542164881046e-09
jurkat,calibrated,basal_distance,pds,200,0.006141884207136088,0.9312154312660912
jurkat,calibrated,basal_distance,mse,200,0.10620760740523018,0.13443891180730608
jurkat,calibrated,basal_distance,nmae,139,,
jurkat,calibrated,basal_distance,fid,190,0.12246706106243027,0.09231809129661143
jurkat,calibrated,basal_distance,reach,180,0.11167933347744093,0.1355497493175498
jurkat,calibrated,basal_distance,jac,200,0.11922640535457964,0.09265601770142726
jurkat,calibrated,model_uncertainty,pds,200,0.41707786828232135,8.063008272815886e-10
jurkat,calibrated,model_uncertainty,mse,200,-0.6087737193429836,1.1438398097785083e-21
jurkat,calibrated,model_uncertainty,nmae,139,0.08762232450064791,0.3050341505948818
jurkat,calibrated,model_uncertainty,fid,190,0.3239119232154636,5.143025481116084e-06
jurkat,calibrated,model_uncertainty,reach,180,-0.15681139928256257,0.03553470966242053
jurkat,calibrated,model_uncertainty,jac,200,0.3390630898311232,9.048132493295801e-07
jurkat,control,disagreement,pds,200,-0.20635752262310333,0.0033715143198718815
jurkat,control,disagreement,mse,200,-0.5223745593639841,2.131856538631425e-15
jurkat,control,disagreement,nmae,139,-0.12896912283837525,0.13024934001868627
jurkat,control,disagreement,fid,184,-0.0012351885794696848,0.9867232251632679
jurkat,control,disagreement,reach,180,-0.06852141285274631,0.3607266139709004
jurkat,control,disagreement,jac,200,-0.06735651495798525,0.34329697623541056
jurkat,control,disagreement_norm,pds,200,0.1487737201037175,0.035509042940851575
jurkat,control,disagreement_norm,mse,200,0.6102167554188855,8.650305166064706e-22
jurkat,control,disagreement_norm,nmae,139,0.06939094686983331,0.4169646362172918
jurkat,control,disagreement_norm,fid,184,0.02440718676098996,0.742255479598428
jurkat,control,disagreement_norm,reach,180,0.15662289873663499,0.0357593522440241
jurkat,control,disagreement_norm,jac,200,0.172062377072768,0.0148394039170223
jurkat,control,n_sources_inv,pds,200,0.07551519378002985,0.28788606264008915
jurkat,control,n_sources_inv,mse,200,0.09761277212388207,0.16910466809217234
jurkat,control,n_sources_inv,nmae,139,,
jurkat,control,n_sources_inv,fid,184,-0.02646868519879584,0.7213505197192103
jurkat,control,n_sources_inv,reach,180,0.13213411093429422,0.07703151046163041
jurkat,control,n_sources_inv,jac,200,-0.02090376630957394,0.7689084253608703
jurkat,control,effect_magnitude,pds,200,-0.21724603891364722,0.00200119149149079
jurkat,control,effect_magnitude,mse,200,-0.666630165754144,4.552900790666183e-27
jurkat,control,effect_magnitude,nmae,139,-0.15140533535904194,0.07520783130949363
jurkat,control,effect_magnitude,fid,184,-0.005235594529644809,0.9437673978727912
jurkat,control,effect_magnitude,reach,180,-0.1424380123637858,0.05646490619965609
jurkat,control,effect_magnitude,jac,200,-0.14013985813533425,0.047789851666352134
jurkat,control,basal_distance,pds,200,0.07551519378002985,0.28788606264008915
jurkat,control,basal_distance,mse,200,0.09761277212388207,0.16910466809217234
jurkat,control,basal_distance,nmae,139,,
jurkat,control,basal_distance,fid,184,-0.02646868519879584,0.7213505197192103
jurkat,control,basal_distance,reach,180,0.13213411093429422,0.07703151046163041
jurkat,control,basal_distance,jac,200,-0.02090376630957394,0.7689084253608703
jurkat,gene_scaled,disagreement,pds,200,0.23464025597387209,0.0008248222173612086
jurkat,gene_scaled,disagreement,mse,200,-0.707683192079802,1.0688823756001685e-31
jurkat,gene_scaled,disagreement,nmae,139,0.07106662496090083,0.4057765714913852
jurkat,gene_scaled,disagreement,fid,193,0.18114437371584613,0.011699449153093863
jurkat,gene_scaled,disagreement,reach,180,-0.14966939687559777,0.04492604647019379
jurkat,gene_scaled,disagreement,jac,200,0.23247818582800148,0.0009242153466333425
jurkat,gene_scaled,disagreement_norm,pds,200,-0.4054862317426617,2.579468993866452e-09
jurkat,gene_scaled,disagreement_norm,mse,200,0.6977754443861097,1.6514812572242685e-30
jurkat,gene_scaled,disagreement_norm,nmae,139,-0.13164573930917375,0.12239562428656847
jurkat,gene_scaled,disagreement_norm,fid,193,-0.16977556382562248,0.018253380677180287
jurkat,gene_scaled,disagreement_norm,reach,180,0.2196013188357005,0.0030566983389720037
jurkat,gene_scaled,disagreement_norm,jac,200,-0.2981602642198617,1.8018086909466707e-05
jurkat,gene_scaled,n_sources_inv,pds,200,0.0018452413128048912,0.9793114919138343
jurkat,gene_scaled,n_sources_inv,mse,200,0.09147360406577629,0.197667277337383
jurkat,gene_scaled,n_sources_inv,nmae,139,,
jurkat,gene_scaled,n_sources_inv,fid,193,0.0660993183274876,0.3610768146130394
jurkat,gene_scaled,n_sources_inv,reach,180,0.11164130073778829,0.13568377878982413
jurkat,gene_scaled,n_sources_inv,jac,200,0.1096189213475203,0.1223005974420412
jurkat,gene_scaled,effect_magnitude,pds,200,0.3699431030475476,6.987297276174149e-08
jurkat,gene_scaled,effect_magnitude,mse,200,-0.8310162754068852,2.486870720098905e-52
jurkat,gene_scaled,effect_magnitude,nmae,139,0.1238125027927968,0.14646274353670508
jurkat,gene_scaled,effect_magnitude,fid,193,0.1846884628280915,0.010132779238838895
jurkat,gene_scaled,effect_magnitude,reach,180,-0.20764960986411798,0.005157047785819034
jurkat,gene_scaled,effect_magnitude,jac,200,0.31589564284772864,5.197309794259597e-06
jurkat,gene_scaled,basal_distance,pds,200,0.0018452413128048912,0.9793114919138343
jurkat,gene_scaled,basal_distance,mse,200,0.09147360406577629,0.197667277337383
jurkat,gene_scaled,basal_distance,nmae,139,,
jurkat,gene_scaled,basal_distance,fid,193,0.0660993183274876,0.3610768146130394
jurkat,gene_scaled,basal_distance,reach,180,0.11164130073778829,0.13568377878982413
jurkat,gene_scaled,basal_distance,jac,200,0.1096189213475203,0.1223005974420412
jurkat,mean_transfer,disagreement,pds,200,0.21447958946195061,0.0022902580280223387
jurkat,mean_transfer,disagreement,mse,200,-0.8222005550138753,2.3942953405884195e-50
jurkat,mean_transfer,disagreement,nmae,139,-0.13515349211314176,0.11266342940907612
jurkat,mean_transfer,disagreement,fid,198,0.08612320758290404,0.2276513953746536
jurkat,mean_transfer,disagreement,reach,180,-0.21209702066047667,0.004258517362121664
jurkat,mean_transfer,disagreement,jac,200,0.17117538514758524,0.015370631067104755
jurkat,mean_transfer,disagreement_norm,pds,200,-0.3559002989079944,2.3161436832285723e-07
jurkat,mean_transfer,disagreement_norm,mse,200,0.7323813095327383,6.859583529230329e-35
jurkat,mean_transfer,disagreement_norm,nmae,139,0.025693730729701946,0.7639950769583048
jurkat,mean_transfer,disagreement_norm,fid,198,-0.054283587534638945,0.4475165782793561
jurkat,mean_transfer,disagreement_norm,reach,180,0.24754582625298976,0.0008071316875077182
jurkat,mean_transfer,disagreement_norm,jac,200,-0.21598492658695329,0.0021285723981105125
jurkat,mean_transfer,n_sources_inv,pds,200,-0.024010146120774872,0.7357588107116344
jurkat,mean_transfer,n_sources_inv,mse,200,0.05586642932876269,0.4320243327191153
jurkat,mean_transfer,n_sources_inv,nmae,139,,
jurkat,mean_transfer,n_sources_inv,fid,198,-0.03926895747961807,0.5828156694088547
jurkat,mean_transfer,n_sources_inv,reach,180,0.10953346263004689,0.14327171671718011
jurkat,mean_transfer,n_sources_inv,jac,200,-0.05239301211545327,0.4612372753329764
jurkat,mean_transfer,effect_magnitude,pds,200,0.3309243247203789,1.6998216341781439e-06
jurkat,mean_transfer,effect_magnitude,mse,200,-0.9255546388659718,1.858872935269105e-85
jurkat,mean_transfer,effect_magnitude,nmae,139,-0.10797175923857184,0.20580853136242647
jurkat,mean_transfer,effect_magnitude,fid,198,0.1015757087396955,0.15446592015953683
jurkat,mean_transfer,effect_magnitude,reach,180,-0.2573705541049844,0.0004868738960997174
jurkat,mean_transfer,effect_magnitude,jac,200,0.25098237954711844,0.00033742815038664733
jurkat,mean_transfer,basal_distance,pds,200,-0.024010146120774872,0.7357588107116344
jurkat,mean_transfer,basal_distance,mse,200,0.05586642932876269,0.4320243327191153
jurkat,mean_transfer,basal_distance,nmae,139,,
jurkat,mean_transfer,basal_distance,fid,198,-0.03926895747961807,0.5828156694088547
jurkat,mean_transfer,basal_distance,reach,180,0.10953346263004689,0.14327171671718011
jurkat,mean_transfer,basal_distance,jac,200,-0.05239301211545327,0.4612372753329764
jurkat,scaled,disagreement,pds,200,0.2773778576957426,6.995566729090426e-05
jurkat,scaled,disagreement,mse,200,-0.6116372909322734,6.561187652603504e-22
jurkat,scaled,disagreement,nmae,139,0.082304839358327,0.33543080468425157
jurkat,scaled,disagreement,fid,188,0.4045281105481162,8.53055146833205e-09
jurkat,scaled,disagreement,reach,180,-0.2619329934710065,0.000382407745471633
jurkat,scaled,disagreement,jac,200,0.22248421936045226,0.0015430524637522916
jurkat,scaled,disagreement_norm,pds,200,-0.3576330376908262,2.0039575306610448e-07
jurkat,scaled,disagreement_norm,mse,200,0.6859416485412135,3.7652786600112555e-29
jurkat,scaled,disagreement_norm,nmae,139,-0.17746101255641447,0.03662145223868836
jurkat,scaled,disagreement_norm,fid,188,-0.4478783956208811,1.1587437826293826e-10
jurkat,scaled,disagreement_norm,reach,180,0.3314749229582461,5.483291220974248e-06
jurkat,scaled,disagreement_norm,jac,200,-0.30013481016367094,1.5751337282940254e-05
jurkat,scaled,n_sources_inv,pds,200,0.10576095579645187,0.13609436453105017
jurkat,scaled,n_sources_inv,mse,200,0.09147360406577629,0.197667277337383
jurkat,scaled,n_sources_inv,nmae,139,,
jurkat,scaled,n_sources_inv,fid,188,0.1254942467375091,0.08616111305108644
jurkat,scaled,n_sources_inv,reach,180,0.11376583424360384,0.12835106533831334
jurkat,scaled,n_sources_inv,jac,200,0.12274783487662848,0.08334661738987999
jurkat,scaled,effect_magnitude,pds,200,0.37779993582484606,3.4842608634770624e-08
jurkat,scaled,effect_magnitude,mse,200,-0.7595904897622442,7.600872271628571e-39
jurkat,scaled,effect_magnitude,nmae,139,0.16459627329192544,0.052835237184810174
jurkat,scaled,effect_magnitude,fid,188,0.4880661532346526,1.2071927252967583e-12
jurkat,scaled,effect_magnitude,reach,180,-0.3335143059341593,4.7606431900674085e-06
jurkat,scaled,effect_magnitude,jac,200,0.3074588093974394,9.483929249616696e-06
jurkat,scaled,basal_distance,pds,200,0.10576095579645187,0.13609436453105017
jurkat,scaled,basal_distance,mse,200,0.09147360406577629,0.197667277337383
jurkat,scaled,basal_distance,nmae,139,,
jurkat,scaled,basal_distance,fid,188,0.1254942467375091,0.08616111305108644
jurkat,scaled,basal_distance,reach,180,0.11376583424360384,0.12835106533831334
jurkat,scaled,basal_distance,jac,200,0.12274783487662848,0.08334661738987999
jurkat,weighted,disagreement,pds,200,0.22982852426848768,0.0010610072290148363
jurkat,weighted,disagreement,mse,200,-0.8011640291007276,4.9992865643449395e-46
jurkat,weighted,disagreement,nmae,139,-0.05083783904553375,0.5522838282621575
jurkat,weighted,disagreement,fid,196,0.12286016812405656,0.08624521403664598
jurkat,weighted,disagreement,reach,180,-0.18732967061631814,0.011798499901035344
jurkat,weighted,disagreement,jac,200,0.098157256547622,0.1667281089130669
jurkat,weighted,disagreement_norm,pds,200,-0.4040557557853302,2.9684322949141228e-09
jurkat,weighted,disagreement_norm,mse,200,0.7095702392559815,6.263633920238103e-32
jurkat,weighted,disagreement_norm,nmae,139,-0.01890164886724161,0.8252057101830629
jurkat,weighted,disagreement_norm,fid,196,-0.041801067287925375,0.5607512202176316
jurkat,weighted,disagreement_norm,reach,180,0.1909801901188852,0.010225780799319996
jurkat,weighted,disagreement_norm,jac,200,-0.19533299325915268,0.005573659389985282
jurkat,weighted,n_sources_inv,pds,200,0.01603890248905978,0.8216548183160354
jurkat,weighted,n_sources_inv,mse,200,0.034993257931203,0.6227701181808026
jurkat,weighted,n_sources_inv,nmae,139,,
jurkat,weighted,n_sources_inv,fid,196,0.006961720201951601,0.9228519954566996
jurkat,weighted,n_sources_inv,reach,180,0.10536986943668701,0.15920261263939903
jurkat,weighted,n_sources_inv,jac,200,0.025279933273285694,0.7223437758355776
jurkat,weighted,effect_magnitude,pds,200,0.36437510645071886,1.1315046371475774e-07
jurkat,weighted,effect_magnitude,mse,200,-0.9006270156753919,1.3752061266042854e-73
jurkat,weighted,effect_magnitude,nmae,139,-0.02757049019169757,0.7473184144313257
jurkat,weighted,effect_magnitude,fid,196,0.11044066395615013,0.12331745856268252
jurkat,weighted,effect_magnitude,reach,180,-0.22383073609504014,0.00252356598895363
jurkat,weighted,effect_magnitude,jac,200,0.18471254186310393,0.008833633027859819
jurkat,weighted,basal_distance,pds,200,0.01603890248905978,0.8216548183160354
jurkat,weighted,basal_distance,mse,200,0.034993257931203,0.6227701181808026
jurkat,weighted,basal_distance,nmae,139,,
jurkat,weighted,basal_distance,fid,196,0.006961720201951601,0.9228519954566996
jurkat,weighted,basal_distance,reach,180,0.10536986943668701,0.15920261263939903
jurkat,weighted,basal_distance,jac,200,0.025279933273285694,0.7223437758355776
